"Date","Post Type","Content","Video Thumbnail","Image","Like","Retweet","Reply"
"2014-12-30T09:06:29.000Z","text","ミス・モノクロームさんも今日で仕事納めですかね…？アニサマに出たり、シングル出したり、他の作品に出たり、撮影したりで今年もお疲れ様でした！
また、来年もがんばりましょう！m(__)m #モノクローム","","","13","6","1"
"2014-12-30T08:49:12.000Z","text","ミス・モノクロームさん(ゆるキャラ)による「月刊ミス・モノクローム」の店頭販売は終了致しました！
引き続き予約の方は受けたまっておりますのでぜひ宜しくお願い致しますm(__)m 
お帰りのみなさまはおきをつけて。 #モノクローム #C87","","","9","11",""
"2014-12-30T07:26:09.000Z","text","ただいま、国際展示場駅前のローソンにてミス・モノクロームさん(ゆるキャラ)が「月刊ミス・モノクローム」の先行販売の手売り中です！  #モノクローム #C87","","","10","8",""
"2014-12-30T07:24:11.000Z","text","ファンに囲まれるミス・モノクロームさん(ゆるキャラ)…！  #モノクローム #C87","","","11","7",""
"2014-12-30T07:23:30.000Z","text","今、国際展示場駅前のローソンに行けば、ミス・モノクロームさん(ゆるキャラ)の貴重な横姿が見れます！  #モノクローム #C87","","","12","9",""
"2014-12-30T06:59:33.000Z","text","ミス・モノクロームさん(ゆるキャラ)の国際展示場駅前ローソンでの店頭販売すたーと！(≧∇≦)  #モノクローム #C87","","","13","13","1"
"2014-12-30T05:05:39.000Z","text","次は16時からとなります！国際展示場駅前のローソンにて！宜しくお願いします！m(__)m #モノクローム #C87","","","9","5",""
"2014-12-30T05:04:14.000Z","text","かわいい！！(≧∇≦)  #モノクローム #C87","","","25","25",""
"2014-12-30T05:03:38.000Z","text","遅くなってしまいましたが、13時の回のミス・モノクロームさん(ゆるキャラ)になります！  #モノクローム","","","21","24",""
"2014-12-30T00:06:47.000Z","text","今日もミス・モノクロームさん(ゆるキャラ)が国際展示場駅前のローソンにて「月刊ミス・モノクローム」を販売します！
13時と16時の2回になっておりますm(__)m #C87 #モノクローム","","","9","21","2"
"2014-12-29T07:22:30.000Z","text","今日の店頭販売は終了しました！ご来場頂いたみなさまありがとうございました！
明日は13時からと好評につき16時からの2回になります！
コミケ最終日、ぜひお越しください！ #モノクローム #C87","","","16","16","1"
"2014-12-29T06:45:26.000Z","text","記念の1枚です☆(≧∇≦)  #モノクローム #C87","","","15","10","1"
"2014-12-29T06:37:42.000Z","text","開催場所は国際展示場駅前のローソンです！
  もうちょっとだけミス・モノクロームさん(ゆるキャラ)はいますよ…！ #モノクローム #C87","","","9","4",""
"2014-12-29T06:20:37.000Z","text","でも、後ろ姿は撮らせてくれないと思います。。  #モノクローム #C87","","","8","7","1"
"2014-12-29T06:20:12.000Z","text","写真撮影はもちろんOKですので、お近くにいらっしゃる方はぜひぜひ！  #モノクローム #C87","","","10","12","1"
"2014-12-29T06:18:52.000Z","text","今日のコスプレコンパニオンさんとの一枚です！(≧∇≦)  国際展示場駅のローソンにて「月刊ミス・モノクローム」の店頭販売中です☆ #モノクローム #C87","","","10","10","1"
"2014-12-29T06:17:33.000Z","text","こちらは「月刊ミス・モノクローム」たちですよー！(≧∇≦)(≧∇≦)(≧∇≦)(≧∇≦)  #モノクローム #C87","","","10","10","1"
"2014-12-29T06:16:04.000Z","text","今日も店頭販売始まります！  #モノクローム #C87","","","10","7","1"
"2014-12-29T05:10:35.000Z","text","今日は15時からですよー！国際展示場駅前のローソンです！ RT : キョウモ ローソンデ キグルミ キテ 月刊ミスモノクロームー！","","","16","10","1"
"2014-12-28T05:27:03.000Z","text","今日のミス・モノクロームさん(ゆるキャラ)の店頭販売は終了しました！明日は15時からおしごとです。宜しくお願いしますm(__)m #モノクローム","","","14","9","1"
"2014-12-28T05:05:28.000Z","text","「月刊ミス・モノクローム」の中身を少しお見せしますーー！！＼(^o^)／   #モノクローム","","","21","19",""
"2014-12-28T04:53:11.000Z","text","モノクロームさん(ゆるキャラ)のお渡し？？  #モノクローム","","","14","11",""
"2014-12-28T04:23:08.000Z","text","コミケ期間中、国際展示場駅のローソンで先行販売中の「月刊ミス・モノクローム」をご購入されますとこちらの光沢プリントをお渡しします！A4サイズです！かわいい(≧∇≦)  #モノクローム","","","19","22",""
"2014-12-28T04:14:00.000Z","text","ミス・モノクロームさん(ゆるキャラ)おしごと中。コスプレイヤーのお姉さんと。  #モノクローム #C87","","","18","21",""
"2014-12-28T04:13:07.000Z","text","ミス・モノクローム(ゆるキャラ)さんおしごと中。  #モノクローム #C87","","","12","11",""
"2014-12-28T04:12:01.000Z","text","モノクロームさん(ゆるキャラ)の準備ができたようです！  #モノクローム #C87","","","15","18",""
"2014-12-28T01:53:01.000Z","text","今日は国際展示場駅のローソンにて「月刊ミス・モノクローム」の店頭販売がございます！
ミス・モノクローム(ゆるキャラ)が登場するのは13時～14時になります！  #モノクローム","","","28","43","3"
"2014-12-27T04:37:37.000Z","text","曜日が違っていましたので再掲載です！
失礼しました！m(__)m
ミス・モノクローム(ゆるキャラ)の店頭販売も実施！
12月28日（日）13時00分から14時00分 12月29日（月）15時00分から16時00分 12月30日（火）13時00分から14時00分 #モノクローム","","","19","20","1"
"2014-12-26T08:14:42.000Z","text","日替わりでミス・モノクロームのコスプレコンパニオンさんも登場します！
詳細はこちらのHPをチェック！

■月刊ミス・モノクローム

 #モノクローム","","","20","24","2"
"2014-12-26T08:13:56.000Z","text","ミス・モノクローム(ゆるキャラ)の店頭販売も実施！
出演時間が下記となりますのでぜひチェックしてくださいね！

12月28日（金）　13時00分から14時00分
12月29日（土）　15時00分から16時00分
12月30日（日）　13時00分から14時00分
#モノクローム","","","13","16","3"
"2014-12-26T08:13:15.000Z","text","月刊ミス・モノクローム」の先行販売を実施！
12/28から開催されるコミックマーケット87開催期間中、りんかい線「国際展示場前」駅前の「ローソン国際展示場駅前店」でのみ、「月刊ミス・モノクローム」の先行販売を実施します！ #モノクローム","","","18","36","1"
"2014-12-24T06:06:38.000Z","text","ただいま少年ハリウッドの一挙放送中みたいですよ！
ミス・モノクロームさんが出演される第10話は17時15分頃になるとのこと！(◍•ᴗ•◍) 

  #モノクローム #shohari","","","21","23","1"
"2014-12-03T09:01:09.000Z","text","ミス・モノクロームが応援歌を歌う「ミスご当地マリンちゃんキャンペーン」
1ヶ月間に渡る投票期間も、いよいよ今日で最終日。
各エリアとも上位は混戦となっているようです！最後まで皆様の1票をお待ちしています！

#モノクローム","","","12","14","1"
"2014-12-02T12:50:03.000Z","text","「月刊ミス・モノクローム」特典
A4サイズの特製光沢プリント！
ローソン店頭のLoppiでは…  
エルパカBOOKSでは…  
HMV店頭では… ","","","43","50","1"
"2014-11-21T02:45:04.000Z","text","今日はコミックス「ミス・モノクローム-Motto Challenge-」の発売日です！初回版には「ミス・モノクロームのアイドルのたまご」CD付きですヽ(・∀・)ノ
パッケージもキラキラしてますよー(≧∇≦)  #モノクローム","","","30","42","1"
"2014-11-16T08:45:42.000Z","text","そしてそして、全国のローソン店で、ミス・モノクロームの音声が店内放送されておりますので、
是非こちらも御聞き下さい！！
#モノクローム","","","25","62","2"
"2014-11-16T08:45:25.000Z","text","更に、2014年12月28日～30日のコミックマーケット開催期間中、
ローソン国際展示場駅前店でのみ「月刊ミス・モノクローム」を先行発売します。
ご購入特典としてミス・モノクロームの特製光沢プリント（A4サイズ）が付きます！！
#モノクローム","","","38","50","2"
"2014-11-16T08:44:51.000Z","text","「月刊ミス・モノクローム」の写真も少しお見せ致します…！(۶•̀ᴗ•́)۶
   
#モノクローム","","","38","50","3"
"2014-11-16T08:44:05.000Z","text","「月刊ミス・モノクローム」はお近くのローソン店のLoppi（Loppi商品番号095207）でご予約を！
A4サイズ・80頁・オールカラー・本体価格1944円。
 #モノクローム","","","50","38","2"
"2014-11-16T08:41:55.000Z","text","写真集「月刊ミス・モノクローム」が予約開始！
ミス・モノクロームがあの女優写真集として数々の話題作を生んだ“月刊シリーズ”で写真集になります。
2015年1月15日発売に向けて、ローソン・HMVで独占販売。
  #モノクローム","","","55","82","2"
"2014-11-14T04:42:53.000Z","text","ミス・モノクロームが出演する「清 竜人ハーレム♡フェスタ2015　Vol.3」が現在チケット先行受付中です！٩(๑❛ᴗ❛๑)۶
日程：2015年2月19日
場所：TSUTAYA O-EAST

受付は11/24まで！！
#モノクローム","","","26","22","2"
"2014-11-12T09:00:34.000Z","text","来年2015年2月19日にTSUTAYA O-EASTにて開催される清 竜人さん主催のイベント「清 竜人ハーレム♡フェスタ2015　Vol.3」にミス・モノクロームの出演が決定しました！٩(๑❛ᴗ❛๑)۶
詳細情報などは各HPなどをご確認くださいませ。
#モノクローム","","","15","37","2"
"2014-11-12T01:57:05.000Z","text","ミス・モノクロームが応援歌を歌う「ミスご当地マリンちゃんキャンペーン」！
総勢676名の女の子が投票受付中です！
投票すると豪華賞品が当たるキャンペーンも開催中なので、是非見てみて下さいね！

#モノクローム","","","12","12","1"
"2014-11-10T03:01:42.000Z","text","今日はミス・モノクロームさんのコミックス発売日です！ヽ(・∀・)ノ
オールカラーで単行本のみの描き下ろしもありますよ！  #モノクローム","","","6","17","3"
"2014-11-06T10:11:12.000Z","text","先日の『全国ミスご当地マリンちゃんキャンペーン』の様子を取り上げて頂きました！ヽ(・∀・)ノ

 #モノクローム","","","12","11","1"
"2014-11-03T14:19:00.000Z","text","ご当地マリンちゃんイベントご観覧のみなさまありがとうございました！  マリンちゃんとの写真です☆ #モノクローム","","","26","30","2"
"2014-11-03T07:54:28.000Z","text","今日は仮面女子さん×ミス・モノクロームご当地マリンちゃんのイベント！
お越しになられる方は当選メール記載の注意事項をご確認ください！
来られない方にはニコ生もあります！タイムシフトも！

20：50から放送開始です！ #モノクローム","","","22","46","3"
"2014-10-24T14:26:24.000Z","image","めでたいですヽ(・∀・)ノ RT : 【フルカラー単行本化！】星海社COMICS『ミス・モノクロームさん』11月10日発売！ ブログ更新！ #sai_zen_sen ","","https://pbs.twimg.com/media/B0seEiJCMAInHks?format=jpg&name=small","23","25","2"
"2014-10-21T05:10:15.000Z","text","ゆるきゃらグランプリ結果発表！！
気になる結果は・・・
総合：325位／企業別：83位

たくさんの清き票の方を誠にありがとうございました！m(_ _)m
#モノクローム","","","22","35","4"
"2014-10-20T01:01:13.000Z","text","ミス・モノクロームさんがゆるキャラグランプリに出場中です。
今日18時までの受付になりますよー！まだの方はお急ぎを！

清き1票をお願い致します。m(_ _)m
#モノクローム","","","7","20","2"
"2014-10-19T09:30:25.000Z","text","ミス・モノクロームさんがゆるキャラグランプリに出場中です。
投票締め切りまであと2日！

清き1票をお願い致します。m(_ _)m
#モノクローム","","","15","20","3"
"2014-10-18T09:30:45.000Z","text","ミス・モノクロームさんがゆるキャラグランプリに出場中です。
投票期日まであとわずか！

清き1票をお願い致します。m(_ _)m
#モノクローム","","","8","24","1"
"2014-10-16T14:06:41.000Z","text","もうすぐ終了！
ご当地マリンちゃんキャンペーンスペシャルイベント招待応募受付中！！！
日時：11月3日 21時開始予定 
会場：パセラリゾーツAKIBAマルチエンターテイメント7F
出演：仮面女子／ミス・モノクローム

#モノクローム","","","2","2","1"
"2014-10-16T10:28:44.000Z","text","ミス・モノクロームさんがゆるキャラグランプリに出場中です。

清き1票をお願い致します。m(_ _)m
#モノクローム","","","3","18","1"
"2014-10-16T10:24:45.000Z","text","先ほどのご当地マリンちゃんのライブですが、
締め切りが今日までとなっています！！！
ご希望の方はお早めにお願い致します。m(_ _)m
#モノクローム","","","4","4","1"
"2014-10-16T10:23:12.000Z","text","ご当地マリンちゃんキャンペーン投票開始前夜スペシャルイベント招待応募受付中！！！
日時：11月3日（祝）21時開始予定 
会場：パセラリゾーツAKIBAマルチエンターテイメント7F
出演：仮面女子／ミス・モノクローム

#モノクローム","","","14","25","1"
"2014-10-11T14:39:24.000Z","text","美少女！ヽ(・∀・)ノ #モノクローム RT : 今宵もアニリク☆する！ 24:30〜スタートじゃ！ 堀江由衣さん原案の美少女ミス・モノクロームからメッセージ届くよ！ ミス・モノクロームからもらったプレゼントに関するお知らせもあります！ スタッフ2号","","","12","5","1"
"2014-10-07T13:05:17.000Z","text","ご当地マリンちゃんキャンペーン投票開始前夜スペシャルイベント招待応募受付中！！！
日時：11月3日（祝）　21時開始予定 
会場：パセラリゾーツAKIBAマルチエンターテイメント7F
出演：仮面女子／ミス・モノクローム

#モノクローム","","","12","19","1"
"2014-09-28T07:00:42.000Z","text","2ndシングルの発売を記念してミス・モノクロームのラジオコメントが流れます！
今日は…！
9/28（日）22:00～
AIR-G'（FM北海道）「ANI-ON!」
HP:
#モノクローム","","","12","14","1"
"2014-09-27T06:00:58.000Z","text","2ndシングルの発売を記念してミス・モノクロームのラジオコメントが流れます！
今日は…！
9/27（土）深夜1:00～
AIR-G'（FM北海道）「AV Music Channel」
HP：
#モノクローム","","","11","10","1"
"2014-09-26T10:26:24.000Z","text","ゆるきゃらグランプリエントリー中です。=͟͟͞͞⊂(⊂ 'ω')

清き１票をお願いします！m(_ _)m
#モノクローム","","","14","23","1"
"2014-09-26T06:45:02.000Z","text","2ndシングルの発売を記念してミス・モノクロームのラジオコメントが流れます！
今日は…！
9/26（金）23:00～
FM NORTH WAVE「Anison-R ～マンガ・アニメ研究部～ 」
HP：
#モノクローム","","","15","12","1"
"2014-09-25T12:41:10.000Z","text","そろったぁぁーー！！(≧∇≦)
  #モノクローム","","","21","16","6"
"2014-09-25T12:33:42.000Z","text","フォロワーさんが4697に…！4696越えてしまった…！＼(^o^)／
フォロワーさんが増えて、ありがとうございます！ #モノクローム","","","14","11","4"
"2014-09-24T09:30:09.000Z","text","営業なうですヽ(・∀・)ノ
  
AKIHABARA ゲーマーズさんへGO！
#モノクローム","","","9","7",""
"2014-09-24T04:28:39.000Z","text","発売日です！＼(^o^)／今日も営業宜しくお願いします！＼(^o^)／ #モノクローム RT : キョウハ シンキョクハツバイビ！ ワーイワーイ（≧∇≦） キョウモエイギョウガンバルゾ！","","","5","3","1"
"2014-09-23T14:56:34.000Z","text","明日の営業情報です。いよいよ発売日！(≧∇≦)/
9月24日（水）【ミス・モノクローム（ゆるキャラ）＆クマスター】
①18時～19時
＜場所＞AKIHABARAゲーマーズ本店
クマスターさんも連日お疲れ様です。。
 #モノクローム","","","10","18","3"
"2014-09-23T14:54:58.000Z","text","モノクロームのアニメ一挙放送中ですよーヽ(・∀・)ノ

もうまもなくモノクロームさんによる時報がOA…！ #モノクローム","","","7","8","1"
"2014-09-23T13:20:17.000Z","text","今日の告知おさらいです！(๑•́ω•̀)ノ
・TVアニメ「ガールフレンド（仮）」出演決定！
・コミカライズ作品コミックス発売決定！
・2014全国ミスご当地マリンちゃんキャンペーンスペシャルライブ出演決定！
・写真集月刊ミス・モノクローム刊行決定！
#モノクローム","","","44","89","2"
"2014-09-23T13:10:27.000Z","text","イベント詳細
日時　11月3日（祝）21時00分
会場　パセラリゾーツAKIBAマルチエンターテインメント7F　P.A.R.M.S
出演　仮面女子　ミス・モノクローム

2014全国ミスご当地マリンちゃんキャンペーン

#モノクローム","","","34","44",""
"2014-09-23T13:05:22.000Z","text","2014年11月上旬より「2014全国ミスご当地マリンちゃんキャンペーン」が開催！
開催までの期間にTwitterでツイートして「2014全国ミスご当地マリンちゃんキャンペーン」を応援してくれた人たちから抽選で投票開始前夜祭のスペシャルライブにご招待！
#モノクローム","","","23","36","1"
"2014-09-23T13:02:04.000Z","text","10月よりテレビ東京他にて放送開始のテレビアニメ「ガールフレンド（仮）」に出演が決定。
TVアニメ『ガールフレンド（仮）』

#モノクローム","","","85","167","3"
"2014-09-23T12:35:11.000Z","text","ミス・モノクローム公式ホームページでミス・モノクロームのアイドルのたまごのコーナー募集中です！
更にもう一つのコミカライズ作品星海社の最前線で連載していた「ミス・モノクロームさん。」は11月10日に発売！(( つ•̀ω•́)つ
#モノクローム","","","20","19",""
"2014-09-23T12:30:58.000Z","text","講談社good！アフタヌーンで連載していた「ミス・モノクローム-Motto Challenge-」のコミックスが11月21日に発売決定！初回限定版にはミス・モノクロームのアイドルのたまごと、録り下ろしドラマが収録されたCD付き。
#モノクローム","","","25","32","1"
"2014-09-23T11:53:44.000Z","text","ありがとうございました！ RT : キョウモアリガトウ コノアト21ジカラハ ワシスタデ、 重大発表！（≧∇≦） アト キョウ クマスタオガ チョット チコクシタ(´･Д･)」","","","6","6",""
"2014-09-23T06:57:06.000Z","text","もうまもなく！
 9月23日（火祝）【ミス・モノクローム（ゆるキャラ）＆クマスター】 
①16時～17時／②18時～19時 
＜場所＞AKIHABARAゲーマーズ本店 
#モノクローム","","","5","14","1"
"2014-09-23T02:00:58.000Z","text","今日の営業情報です。m(_ _)m
みなさまお越しくださいませませ。m(_ _)m
9月23日（火祝）【ミス・モノクローム（ゆるキャラ）＆クマスター】
①16時～17時／②18時～19時 new!
＜場所＞AKIHABARAゲーマーズ本店
#モノクローム","","","7","22","2"
"2014-09-22T12:27:07.000Z","text","あと明日の21時からはワシスタが放送！

ミス・モノクローム特集ですのでお見逃し無く！(۶•̀ᴗ•́)۶
タイムシフトもできるようですよ☆
#モノクローム","","","14","21","3"
"2014-09-22T12:24:47.000Z","text","そして、ゆるきゃらグランプリの投票もお願いします。m(_ _)m

毎日投票しよう！
#モノクローム","","","14","17","1"
"2014-09-22T12:23:50.000Z","text","明日の営業情報です。m(_ _)m
祝日も働きます。m(_ _)m
9月23日（火祝）【ミス・モノクローム（ゆるキャラ）＆クマスター】
①16時～17時／②18時～19時 new!
＜場所＞AKIHABARAゲーマーズ本店
#モノクローム","","","18","30","3"
"2014-09-22T10:58:56.000Z","text","もうすぐですね！ヽ(・∀・)ノ RT : イヨイヨ ワタシダケノモノガタリ ハツバイ マヂカ！9ガツ24カ ハツバイ！","","","4","2","1"
"2014-09-20T10:50:06.000Z","text","本日の営業終了しました！お越し頂いたみなさまありがとうございました！(≧∇≦) #モノクローム ","","","11","10","2"
"2014-09-20T09:20:07.000Z","text","もうまもなく～(／ロ゜)／
9月20日（土） 【ミス・モノクローム（ゆるキャラ）＆クマスター】
②18時30分～19時30分 
＜場所＞ゲーマーズなんば店 #モノクローム ","","","7","4",""
"2014-09-20T08:48:16.000Z","text","16:30の回、終了です。ありがとうございましたm(__)m  #モノクローム","","","12","6","1"
"2014-09-20T08:05:52.000Z","text","大阪で営業中ですヽ(・∀・)ノ  ゲーマーズなんば店さんへ！ #モノクローム","","","8","10","1"
"2014-09-20T02:55:39.000Z","text","今日の営業情報です(  ＾∀＾) ノ
9月20日（土）
【ミス・モノクローム（ゆるキャラ）＆クマスター】 ①16時30分～17時30分／②18時30分～19時30分
＜場所＞ゲーマーズなんば店 
#モノクローム","","","8","8","2"
"2014-09-20T02:54:02.000Z","text","おめでとうございますー！(≧∇≦)// RT : 日付変わって本日9/20は、ほっちゃんの17才のお誕生日！！ ヾ(ﾟ∀ﾟ♡)<< HAPPY BIRTHDAY♡ おめでとうです！！！ホァーッ！！","","","9","9",""
"2014-09-19T09:24:19.000Z","text","明日の店頭イベントの時間はこちらです！ (๑•﹏•)ノ

9月20日（土）【ミス・モノクローム（ゆるキャラ）＆クマスター】
①16時30分～17時30分／②18時30分～19時30分 new!
＜場所＞ゲーマーズなんば店
※開催時間は後日お知らせいたします。

#モノクローム","","","14","26","4"
"2014-09-18T11:16:36.000Z","text","文化放送「アニスパ！」にてコメントOA!!
9/20(土)放送の文化放送「アニスパ！」にてミス・モノクロームのコメントがOAされます。
お聞き逃しなく！！

9/20(土)21：00～
文化放送「アニスパ！」
HP：
 #モノクローム","","","31","46","1"
"2014-09-17T10:21:26.000Z","text","ゆるきゃらグランプリなうでございます◟꒰◍´Д‵◍꒱◞

投票をお願いします。
#モノクローム","","","18","20","3"
"2014-09-16T09:01:12.000Z","text","TVアニメ「ミス・モノクローム -The Animation-」一挙放送決定！(۶•̀ᴗ•́)۶
9月23日(火・祝)23時～24時

※終了後24時にミス・モノクロームによる時報がOA
#モノクローム","","","54","128","2"
"2014-09-15T08:40:24.000Z","text","2日間お疲れ様でした！ヽ(・∀・)ノ #モノクローム RT : キョウモタクサンノヒトニ アエタ。 シャシン イッパイ トラレター。","","","5","2",""
"2014-09-15T08:11:53.000Z","text","後半栓の様子です！
囲まれてる！ヽ(・∀・)ノ
  #モノクローム","","","6","10","2"
"2014-09-15T06:05:20.000Z","text","今日の様子です！ヽ(・∀・)ノ
   
このあとは16時からまた行います！ #モノクローム","","","6","20",""
"2014-09-15T01:00:20.000Z","text","今日の店頭販売・営業スケジュールです。m(_ _)m
9月15日（月祝）【ミス・モノクローム（ゆるキャラ）＆クマスター】
①14時～15時／②16時～17時
＜場所＞とらのあな秋葉原店B
#モノクローム","","","12","22","2"
"2014-09-14T06:39:07.000Z","text","今日クマスターが配っていました、「堀江由衣をめぐる冒険Ⅴ」の先行受付はこちらから申込み可能です！

この機会に申込みくださいませ。m(__)m
モノクロームさんは今回も出るのかな？？ #モノクローム","","","16","21","1"
"2014-09-14T05:38:16.000Z","text","明日の営業情報ですヽ(*´▽)ノ♪
9月15日（月祝）
【ミス・モノクローム（ゆるキャラ）＆クマスター】 
①14時～15時／②16時～17時 
＜場所＞とらのあな秋葉原店B
 #モノクローム","","","13","15","1"
"2014-09-14T05:33:32.000Z","text","営業してきましたモノクロームさんがゆるきゃらグランプリ出場中です。(^-^)v
一日一票をお願いします。 
  m(_ _)m 
#モノクローム ","","","15","16","1"
"2014-09-14T05:06:45.000Z","text","本日の営業終了しました！お越し頂いたみなさまありがとうございました！ヽ(・∀・)ノ  #モノクローム","","","6","6","2"
"2014-09-14T04:36:08.000Z","text","モノクロームとクマスター休憩入ります。。  #モノクローム","","","8","3",""
"2014-09-14T04:26:37.000Z","text","クマスターもしっかり営業しています！ヽ(・∀・)ノ ","","","7","5",""
"2014-09-14T04:16:35.000Z","text","モノクローム直筆サイン色紙は一会計につき一枚となっております。ご注意ください！
色紙はキレよく渡してくれます！笑  #モノクローム","","","8","8",""
"2014-09-14T04:14:18.000Z","text","ただいま店頭イベント中です☆|＾▽＾)ノ
  #モノクローム","","","9","10",""
"2014-09-14T04:12:51.000Z","text","クマスターの衣装は堀江由衣をめぐる冒険Ⅴの青クマ学園のものです。とクマスターに説明を受けました！ヽ(・∀・)ノ ","","","13","12",""
"2014-09-14T04:07:56.000Z","text","準備中！もう少しお待ちくださいm(__)m #モノクローム ","","","8","4",""
"2014-09-14T03:51:13.000Z","text","本日2回目！ヽ(・∀・)ノお待ちしておりますー！ 
9月14日（日） 
【ミス・モノクローム（ゆるキャラ）＆クマスター】 13時～14時 
＜場所＞とらのあな秋葉原店B #モノクローム","","","8","14",""
"2014-09-14T02:15:19.000Z","text","準備万端！ヽ(・∀・)ノ  #モノクローム","","","19","29","2"
"2014-09-14T01:25:57.000Z","text","今日の店頭イベントです！ヽ(・∀・)ノ
お待ちしておりますー！
9月14日（日）
【ミス・モノクローム（ゆるキャラ）＆クマスター】 
①11時～12時／②13時～14時 
＜場所＞とらのあな秋葉原店B #モノクローム","","","18","14","3"
"2014-09-13T10:27:19.000Z","text","明日は店頭イベントの方がありますよ〜！
チェック〜！
9月14日（日）【ミス・モノクローム（ゆるキャラ）＆クマスター】
①11時～12時／②13時～14時
＜場所＞とらのあな秋葉原店B
#モノクローム","","","20","28","1"
"2014-09-13T09:20:07.000Z","text","2ndシングル「私だけの物語」 
オリ特情報一覧その5
新規版権使用CD収納BOX
【とらのあな】
 
B2サイズ告知ポスター
【多売特典】
  
#モノクローム","","","24","10","1"
"2014-09-13T09:15:08.000Z","text","2ndシングル「私だけの物語」 
オリ特情報一覧その4
場面写ブロマイド
【ソフマップ】
 
【タワーレコード】
  
【文教堂】

#モノクローム","","","20","7","1"
"2014-09-13T09:10:09.000Z","text","2ndシングル「私だけの物語」 
オリ特情報一覧その3
場面写ブロマイド
【King e-shop】
  

【新星堂・WonderGOO】
 
#モノクローム","","","22","11","1"
"2014-09-13T09:00:16.000Z","text","2ndシングル「私だけの物語」
オリ特情報一覧でございますー。

新規版権使用アナザージャケット
【アニメイト】
  

【ゲーマーズ】
  
#モノクローム","","","22","17","1"
"2014-09-12T14:52:14.000Z","text","(つω` )
一日一票をお願いします。
日曜にはゆるきゃらが営業に行きます。

m(_ _)m
#モノクローム","","","4","9","3"
"2014-09-11T09:13:03.000Z","text","╭( ･ㅂ･)و 
清き1票をお願いします！
現在295位です。。
…
m(__)m
#モノクローム","","","6","11","2"
"2014-09-11T07:17:51.000Z","text","今週末から始まるミス・モノクローム(ゆるきゃら)&クマスターイベントでもらえる、、、ミス・モノクローム直筆サイン入り色紙を頂いてしまいましたーー！！ヽ(*´▽)ノ♪
  2ndシングルご予約の方が対象です☆#モノクローム","","","9","10","2"
"2014-09-10T09:55:18.000Z","text","9月24日（水）【ミス・モノクローム（ゆるキャラ）＆クマスター】
＜場所＞AKIHABARAゲーマーズ本店
※開催時間は後日お知らせいたします。
#モノクローム","","","16","20",""
"2014-09-10T09:50:17.000Z","text","9月20日（土）【ミス・モノクローム（ゆるキャラ）＆クマスター】
＜場所＞ゲーマーズなんば店
※開催時間は後日お知らせいたします。

9月23日（火祝）【ミス・モノクローム（ゆるキャラ）＆クマスター】
＜場所＞AKIHABARAゲーマーズ本店
※開催時間は後日お知らせいたします。","","","21","36",""
"2014-09-10T09:45:29.000Z","text","スケジュール
9月14日（日）【ミス・モノクローム（ゆるキャラ）＆クマスター】
①11時～12時／②13時～14時
＜場所＞とらのあな秋葉原店B

9月15日（月祝）【ミス・モノクローム（ゆるキャラ）＆クマスター】
①14時～15時／②16時～17時
＜場所＞とらのあな秋葉原店B","","","25","44","1"
"2014-09-10T09:40:17.000Z","text","2ndシングル「私だけの物語」発売記念店頭販売イベント
9月24日に2ndシングル「私だけの物語」をリリースするミス・モノクロームとクマスターがお店にやってくる！！
詳細はこちらをチェック！

クマスター(´・ω・｀)？
#モノクローム","","","32","68","2"
"2014-09-10T09:33:15.000Z","text","(ノ-_-)ノ
現在総合287位です。
1票をぜひおねがいします。

m(__)m
#モノクローム","","","8","14","1"
"2014-09-09T13:03:11.000Z","text","スターチャイルド情報番組「ワシスタ」にてミス・モノクロームの特集がされることが決定致しました！
放送日時は9月23日（火）21:00～を予定しております。
詳しくはワシスタHPをチェック！

#モノクローム #ワシスタ","","","25","42","1"
"2014-09-09T03:38:12.000Z","text","m(__)m
現在総合289位です。
1票をぜひおねがいします。

ちょっとでも上に。。
#モノクローム","","","15","51","4"
"2014-09-08T12:29:19.000Z","text","m(__)m
ただいま総合287位です！
引き続き、清き1票をおねがいします。m(__)m

#モノクローム","","","10","20",""
"2014-09-08T09:30:18.000Z","text","9月24日に発売される2ndシングル「私だけの物語」の法人別オリジナル特典の絵柄を公開です！
お気に入りのモノクロームちゃんを是非ゲットしてください♪

見覚えのあるイラストが・・・。
#モノクローム","","","17","39",""
"2014-09-06T15:55:13.000Z","text","もうまもなく深夜1:00からTOKYO MXにて少年ハリウッドのオンエアがスタートです(≧∇≦)
待機！＼(^o^)／ #モノクローム #shohari","","","5","9","1"
"2014-09-06T03:55:14.000Z","text","9/24に2ndシングルをリリースするミス・モノクロームが今日から放送の「少年ハリウッド -HOLLY STAGE FOR 49-」に出演です(／ロ゜)／
どんな出方をするかは見てのお楽しみですよー☆☆
ぜひぜひお楽しみに！
 #モノクローム #shohari","","","33","116","1"
"2014-09-06T03:52:11.000Z","text","ゆるキャラグランプリにミス・モノクロームがエントリー中です！

清き1票をお願いしますm(__)m
 #モノクローム","","","23","97","5"
"2014-09-04T04:45:44.000Z","text","ミス・モノクロームの新曲「Never Ending Story」が遂に音源公開！
今回キャンペーン応援歌を担当している「ご当地マリンちゃんキャンペーン」オフィシャルサイトにて先行配信中！

#モノクローム","","","55","59","2"
"2014-09-02T05:39:09.000Z","text","ただいまゆるきゃらグランプリさんのHPがアクセスしにくいようです。。
時間を空けて清き１票をお願いしますm(_ _)m
#モノクローム","","","8","8","2"
"2014-09-02T05:38:13.000Z","text","ゆるきゃらグランプリの投票が始まりました！！！(≧∀≦*)////

清き１票をぜひお願いしますm(_ _)m
#モノクローム","","","10","42","2"
"2014-08-29T09:36:49.000Z","text","ミスご当地マリンちゃんキャンペーンの応援サポーター募集！！ 
ツイッターでつぶやけば応募完了！参加者全員に「ミス・モノクローム×マリンちゃん」
限定壁紙をプレゼント！！詳しくは
#モノクローム","","","28","21","3"
"2014-08-28T12:04:00.000Z","text","ゆるキャラグランプリエントリー完了！！！

応援よろしくおねがいします！
#モノクローム","","","26","80","8"
"2014-08-26T03:52:00.000Z","text","そして、“2014全国ミスご当地マリンちゃんキャンペーン”ではアイドルグループ「仮面女子」とのコラボが決定しています☆仮面女子のみなさん宜しくお願いします！
  
#モノクローム","","","29","61","1"
"2014-08-26T03:50:22.000Z","text","ミスご当地マリンちゃんキャンペーン応援歌決定！！
カップリング楽曲「Never Ending Story」が海物語のミスコン企画“2014全国ミスご当地マリンちゃんキャンペーン”の応援歌を担当する事が決定！
  
#モノクローム","","","22","42","1"
"2014-08-26T03:49:02.000Z","text","ミス・モノクローム2ndシングル「私だけの物語」発売決定！！！
発売日：2014年9月24日
初回限定盤OVA／初回限定盤Music CLIP／通常盤

アニメ「少年ハリウッド」#10にもゲスト出演が決まりました！
#モノクローム","","","69","140","1"
"2014-08-15T12:45:04.000Z","text","簡単ですが、ミス・モノクロームのかわいさが十二分に詰まったねんどろいどが発売中！(≧∇≦)/ぜひお手元に置いてあげてくださいね。  
おまけ:隙間から覗くモノクロームさん  #モノクローム","","","21","23","2"
"2014-08-15T12:41:48.000Z","text","ミス・モノクロームのねんどろいどのサンプルを頂きましたので遊んでみました☆o(^o^)o  EDでお馴染みの決めポーズもできちゃいます♪  かわいい(・∇・) #モノクローム","","","14","19","1"
"2014-08-15T06:56:27.000Z","text","ねんどろいどミス・モノクローム好評発売中です！＼(^o^)／ご家庭にミス・モノクロームが…！

 #モノクローム","","","11","11","1"
"2014-07-17T01:01:25.000Z","text","ミス・モノクロームが引っぱって飛ばす新感覚スマホゲーム「砲神のカノンマスター」に登場です♪イベントをクリアするとボイス付きミス・モノクロームがGETできますよ☆ #モノクローム #カノマス  ","","","42","44","1"
"2014-07-11T13:38:40.000Z","text","NEWSです！ミス・モノクロームが”引っ張って飛ばす”アクションPRG「砲神のカノンマスター」に登場します♪♪
新録ボイスあるので注目してみてくださいね♪ #モノクローム #カノマス ","","","26","31","1"
"2014-06-24T14:45:58.000Z","text","明日は早朝から日本vsコロンビア戦ですね！なかなか寝付けない方はミス・モノクロームのOVAを見るのは如何でしょうか！？

がんばれニッポン！ #モノクローム","","","36","72","5"
"2014-06-20T01:03:59.000Z","text","La distribution Mondiale de la 「Pokerface」et「？」 de Miss Monochrome a commencé dans l'iTunes! #monochrome #モノクローム","","","8","6","1"
"2014-06-19T13:17:04.000Z","text","Ms. Monochrome's singles "Pokerface"and "?" are out now worldwide on iTunes!! #monochrome #モノクローム","","","9","8","3"
"2014-06-18T09:13:10.000Z","text","本日よりiTunesにて「ポーカーフェイス」と「？」の世界配信がスタートしました！
モノクロームさんが世界に羽ばたく！！
#モノクローム","","","19","35","4"
"2014-06-17T13:03:17.000Z","text","ワシスタをご覧頂いた皆さんありがとうございました！！
見逃したよー！という方に朗報です！
な、なんと先ほどのOVAが期間限定で配信中です☆

こちらよりご視聴下さい♪
#モノクローム","","","109","217","5"
"2014-06-17T07:59:28.000Z","text","ミス・モノクロームのサッカーに対する「もっと前に出たい！」という強い思いから、今日の21時から配信のニコニコ生放送のワシスタにて新作OVAの公開致します！(≧∀≦*)

#モノクローム　#ワシスタ","","","23","64","4"
"2014-05-25T09:41:42.000Z","text","ポーカーフェイスの世界配信も決まりましたね！
今日お知らせしました情報は後日改めてアナウンスしますので、お楽しみにお待ちくださいませ♪ヽ(´▽｀)/
ご来場頂いたみなさまはお気を付けてお帰りくださいね。
#モノクローム","","","15","46","1"
"2014-05-25T09:40:13.000Z","text","ミス・モノクロームBD/DVD購入者対象イベント終了致しました！ご来場頂いたみなさまありがとうございました！
まさかの新作OVAの発表&御披露目や2ndシングル制作決定など盛りだくさんの内容でした☆(≧∇≦)
#モノクローム","","","43","126","5"
"2014-05-25T09:38:23.000Z","text","お疲れ様でした！高尾山からの浅草！笑 RT : ストリートライブヤッタ。 アサクサノミンナ アリガトウ。","","","9","7","1"
"2014-05-25T07:46:41.000Z","text","開演までもうまもなく！
ロビーにいらっしゃるかたはお席までお戻りくださいね☆ヽ(´▽｀)/ #モノクローム","","","7","12",""
"2014-05-25T07:03:01.000Z","text","開場しましたー！！(^o^)v
焦らずお越しください！(・∇・)
#モノクローム","","","7","9","1"
"2014-05-25T06:18:07.000Z","text","開場までの時間が近付いて来ました！今一度当選ハガキと顔写真付き身分証明書があるかご確認くださいね。
もうしばらくお待ちくださいませー♪ヽ(´▽｀)/ #モノクローム","","","8","22","4"
"2014-05-25T06:16:36.000Z","text","間違えないでくださいね！( ・∇・) RT : トナイボウショ？？？？","","","6","4","3"
"2014-05-10T09:00:58.000Z","text","明日5月11日（日）10:30～：ゲーマーズ名古屋店さんにて「うーさーのその日暮らし」さんとのコラボ上映会が行われます☆来場者にはA3コラボポスターをプレゼントですよー♪ #モノクローム","","","8","16","2"
"2014-05-09T11:41:12.000Z","text","うーさーのその日暮らしさんとのコラボ上映会終了しました！
ご来場頂いた皆様ありがとうございました！
コラボポスターを手に入れられた方は大事に飾ってくださいね☆ #モノクローム","","","6","2","1"
"2014-05-09T10:06:39.000Z","text","現在アニメイト池袋本店さんにて「うーさーのその日暮らし」さんとの合同上映会が開催中ですー！！(≧∇≦) 
池袋に居る人はみんなアニメイト池袋店さんに集合です♪来場者にはA3クリアポスターをプレゼント！
#モノクローム","","","12","6","1"
"2014-05-09T08:01:03.000Z","text","あと1時間後！18:00～：アニメイト池袋本店さんにて「うーさーのその日暮らし」さんとのコラボ上映会が行われますよー！来場者にはA3コラボポスターをプレゼント♪ #モノクローム","","","6","9","1"
"2014-05-09T01:01:11.000Z","text","今日は18:00～：アニメイト池袋本店さんにて「うーさーのその日暮らし」さんとのコラボ上映会が行われます！来場者にはA3コラボポスターをプレゼント♪この機会にぜひどうぞ！
#モノクローム","","","10","17","1"
"2014-04-26T09:05:15.000Z","text","最後までご覧頂いた方には…A3コラボポスター（非売品）】をプレゼント！！！
※特典は、上映会終了後にお渡し致します。
イラストはこちらでチェックしてくださいね☆(≧∀≦*)

#モノクローム","","","14","8","1"
"2014-04-26T09:01:22.000Z","text","「うーさーのその日暮らし」さんとのコラボ上映会が明日よりスタートします！
明日は…
・4月27日（日）12:00～：アニメイト大阪日本橋店
・4月27日（日）13:00～：第3太閤ビル（名古屋）
・4月27日（日）16:00～：ゲーマーズなんば店
#モノクローム","","","12","23","1"
"2014-04-23T11:36:19.000Z","text","かわいい(≧∇≦) RT : 【更新のお知らせ】『ミス・モノクロームさん』第13回更新しました！ #4ページマンガ #sai_zen_sen #モノクローム  初めての水着のお仕事！！","","","3","3","2"
"2014-04-23T11:00:31.000Z","text","「ねんどろいど ミス・モノクローム」GSCオンライン受注は本日4月23日21時まで！GSCオンラインショップでは「ミス・モノクローム 特製ブロマイド」が付属！お見逃しなく！ 
あと1時間ですー！！
","","","2","5",""
"2014-04-23T07:14:25.000Z","text","「ねんどろいど ミス・モノクローム」GSCオンライン受注は本日4月23日21時まで！GSCオンラインショップでは「ミス・モノクローム 特製ブロマイド」が付属！お見逃しなく！ ","","","16","14","2"
"2014-04-21T08:10:31.000Z","text","気付けばフォロワー数が4000人を超えていましたー！(°Д°)
4696人まであとわずか！(°Д°) #モノクローム","","","9","11","4"
"2014-04-21T08:09:36.000Z","text","「うーさーのその日暮らし」さんとのコラボ第二弾が決定しました！
今回も合同上映会やコラボ企画など盛りだくさんですよ♪

 #モノクローム #うーさー","","","26","30","1"
"2014-04-15T13:59:36.000Z","text","ミス・モノクロ―ム-TheAnimation-一挙放送ご視聴頂いた皆様ありがとうございました！今後ともミス・モノクロームを宜しくお願いします！m(_ _)m  #モノクローム","","","11","13","2"
"2014-04-15T13:48:09.000Z","text","まさかのマナちゃん再登場回でしたね！次はいよいよ最終回#13　MONOCHROMEです。最後までお楽しみに！！

#モノクローム","","","5","3",""
"2014-04-15T13:44:13.000Z","text","一挙放送も佳境に入ってきましたね！続いてはあのKIKUKOが登場する#12　IDOLです！

#モノクローム","","","3","3",""
"2014-04-15T13:39:41.000Z","text","らっしゃーせー！続いては#11　AUDITIONです！

#モノクローム","","","3","1",""
"2014-04-15T13:36:14.000Z","text","しんみり来るお話でしたね。。続いて#10　FIGHTERです！

#モノクローム","","","3","1",""
"2014-04-15T13:32:03.000Z","text","最近では「ミス・モノクロームさん」でも登山してましたね。山登り好きなのかな…？次は#09　RIVALです！

#モノクローム","","","3","1",""
"2014-04-15T13:27:04.000Z","text","すくすくろーむ、すくすくろーむ…。次は#08　WINNERです！

#モノクローム","","","3","3",""
"2014-04-15T13:23:10.000Z","text","本当のドッキリでしたね・・・！っということで次は#07　PROPSです！

#モノクローム","","","4","2",""
"2014-04-15T13:20:05.000Z","text","マネオマネージャー…。#05終わり、次は#06　JOBです！

#モノクローム","","","3","1",""
"2014-04-15T13:15:57.000Z","text","#04終わり、次は#05　HALLOWEENです！

#モノクローム","","","3","2",""
"2014-04-15T13:14:59.000Z","text","本当にねんどろいどでますよーー！

#モノクローム","","","3","5",""
"2014-04-15T13:14:27.000Z","text","乗り遅れましたが、#04　METAMORPHOSEオンエア中ですーー！

#モノクローム","","","3","5",""
"2014-04-15T11:11:39.000Z","text","今日の22時からアニメニコ生一挙配信がスタートです！！ニコニココンテストの結果発表も含まれてますので、気になる方は今すぐタイムシフトをお願いします！！
#モノクローム","","","16","46","2"
"2014-04-14T16:54:50.000Z","image","かわいいです！(≧∇≦) RT : ミス・モノクロームコラボ後半戦スタート♪かわいいキャラが追加されてます♪桜の季節にぴったりなモノクロームちゃんをGetしよう♪ #karitomo #モノクローム","","https://pbs.twimg.com/media/BlK_CsiCYAAgGwi?format=png&name=360x360","7","7","1"
"2014-04-09T06:18:45.000Z","text","最前線さんに連載中の「ミス・モノクロームさん」第11話が更新です☆ 
新キャラが登場し賑わってますが… 色モノ…？ #モノクローム","","","6","10","3"
"2014-04-04T13:17:48.000Z","image","かわいいですね♪ヽ(´▽｀)/白版/黒版の収録風景？？  RT : ラジオシュウロク","","https://pbs.twimg.com/media/BkXyshtCEAEpoO3?format=jpg&name=small","9","4",""
"2014-03-31T07:06:14.000Z","text","ミス・モノクロームが今年のアニサマ2014に出演決定致しました！！ヽ(´▽｀)/
2日目の8/30に出演となります。

 #モノクローム #アニサマ","","","46","108","8"
"2014-03-27T10:37:07.000Z","text","人気ゲーム「狩りとも」とのコラボ実施中☆
モノクロームやKIKUKO、マナちゃんのユニットも！めちゃくちゃかわいいです(≧∇≦)  #モノクローム","","","4","6",""
"2014-03-26T11:42:53.000Z","text","ミス・モノクロームの一挙放送が決定しました！！！

BD&DVDを持っている人もいない人も、4/15(火)22時はニコニコ生放送でモノクロームをみましょう♪ #モノクローム","","","40","97","2"
"2014-03-26T11:40:20.000Z","text","ミス・モノクロームの踊ってみた・やってみたコンテストの中間発表がされています！！！

最終発表は4/15(火)22時〜の一挙放送後！お楽しみに☆ #モノクローム","","","15","21","1"
"2014-03-26T10:47:30.000Z","text","恒例のツーショットですよー！(・∀・)ノ  #モノクローム","","","16","10","2"
"2014-03-26T10:46:53.000Z","text","クマスターさんによるミス・モノクロームBD/DVDの店頭販売が終了しました！クマスターさんありがとうございました。   #モノクローム #クマスター","","","8","10","1"
"2014-03-26T06:53:21.000Z","text","コミカライズ「ミス・モノクロームさん」第9話が更新です☆今回はKIKUKOのドームライブを見に来たモノクロームとアマネのお話になります。どんなライブなのか気になりますね♪あれ…？

#モノクローム","","","8","10","1"
"2014-03-26T06:25:57.000Z","text","わーいわーい(≧∇≦)// RT : キョウハ アニメBlu-rayDVDノハツバイビー。ワーイワーイワーイ","","","4","2",""
"2014-03-26T01:11:50.000Z","text","AKIHABARAゲーマーズ本店さんにて、今日3/26(水)18:30〜、クマスターの店頭販売が決定致しました☆白版／黒版の同時購入者にはモノクロームさんの複製サイン入りブロマイドをプレゼント♪ #モノクローム","","","11","21","1"
"2014-03-26T01:10:36.000Z","text","今日はミス・モノクロームの白版／黒版の発売日です！！ヽ(≧▽≦)ﾉもう手にされた方はいらっしゃいますか？？ #モノクローム","","","10","12","4"
"2014-03-25T06:06:33.000Z","text","・・・とねんどろいどの告知をしたところで今日は白版／黒版の店着日ですね☆(≧∀≦*)
待ちきれない人はお店に行ってみるともうあるかも知れませんよ…？ #モノクローム","","","5","6","3"
"2014-03-25T06:03:45.000Z","text","こちらは白版／黒版購入者限定のPoker Face Black ver.です♪
 #goodsmile 
一般販売の予定がない限定版になります！ #モノクローム","","","26","26","2"
"2014-03-25T06:00:09.000Z","text","ミス・モノクロームのねんどろいど情報が公開！
ミス・モノクローム #goodsmile 
今年の8月発売予定で、GSCオンラインさんで受注受付中です☆ #モノクローム","","","28","49","2"
"2014-03-23T01:11:49.000Z","text","ミス・モノクローム白版/黒版購入者対象イベント開催決定！！(≧∇≦)
5/25(日)都内某所となっております！ぜひぜひふるってご参加くださいませ！ #モノクローム","","","22","56","3"
"2014-03-23T01:06:49.000Z","text","ブラジルからミス・モノクロームさんの中継でした！(°Д°)まさか反対にいるとは！ #モノクローム","","","9","7","2"
"2014-03-23T01:04:56.000Z","text","電波治った！モノクロームさんがポーカーフェイス歌唱中です！(≧∇≦) #モノクローム","","","8","3","1"
"2014-03-23T01:04:05.000Z","text","AnimeJapanのステージ中です☆
モノクロームさんの中継電波良くない…？？ #モノクローム","","","14","4","1"
"2014-03-20T12:02:51.000Z","text","遅くなりましたが最前線で好評配信中の「ミス・モノクロームさん」の第8話が公開中です！！

今回はアイドルの裏側？が見れるかも。 #モノクローム","","","10","7","1"
"2014-03-17T05:49:54.000Z","text","しゃべってキャラ＆壁紙「今だけ無料！人気キャラGetキャンペーン」開催中！
NTTドコモのAndroid向けコンテンツ しゃべってキャラのお試しverを配信中！ 
さらにiPhone向けには、ピッタリの壁紙を配信♪
 #モノクローム","","","17","14","1"
"2014-03-15T02:03:16.000Z","text","今日はうーさーさんとの合同上映会がありますよー！(≧∀≦*)
 14:00～：AKIHABARAゲーマーズ本店さんの8Fです☆コラボポスターがもらえるのもおそらくこれが最後！この機会をわすれずに！！ #モノクローム #うーさー","","","18","24","1"
"2014-03-11T09:00:48.000Z","text","ミス・モノクロームのニコニコ動画のコンテストは明日3/12いっぱいで終了となります！撮影したけどアップしていないという方がおりましたら今すぐアップを！(><)

#モノクローム","","","5","3",""
"2014-03-10T14:04:35.000Z","text","遅くなりましたが、本日の合同上映会にお越しいただいた皆様ありがとうございました！ミス・モノクロームはまだまだ続いていきますので宜しくお願いします！ #モノクローム #うーさー ","","","10","7","1"
"2014-03-10T08:00:39.000Z","text","18：00から【アニメイト池袋本店さん】と【アニメイト大阪日本橋5Fイベントホール】にてうーさーさんとの上映会が行われます！あと一時間程でスタートです！(><)途中入場可です！！ #モノクローム #うーさー","","","7","8","1"
"2014-03-10T00:00:43.000Z","text","今日は18：00から【アニメイト池袋本店さん】と【アニメイト大阪日本橋5Fイベントホール】にてうーさーさんとの上映会が行われます！残すところ合同上映会もあと3回…！コラボポスターの配布もありますので、ぜひお越し下さいね☆ #モノクローム #うーさー","","","9","15","1"
"2014-03-08T05:11:54.000Z","text","約1時間後の15：00よりゲーマーズ立川店にてうーさーさんとの合同上映会が開催です！(°Д°)// 途中参加もできるとのことですのでぜひぜひご参加くださいませ。コラボポスターもお渡ししますよ☆ #モノクローム  #うーさー","","","12","17",""
"2014-03-08T03:03:06.000Z","text","今日、3月8日の15：00〜からゲーマーズ立川店さんにてうーさーさんとの合同上映会があります！！(≧∇≦) お土産のコラボポスターもプレゼントしますのでお時間あればぜひ！ #モノクローム","","","5","2","1"
"2014-03-05T14:03:49.000Z","text","ちなみにニコニコ動画コンテストの詳細はこちら！

締め切りは来週の13日のいっぱいまで！審査員の心に引っかかれば受賞できるかも！！ #モノクローム","","","6","3","1"
"2014-03-05T13:59:43.000Z","text","ク、クマスターがポーカーフェイスを踊ってるーー！！(°□° )/

ミス・モノクロームのニコニコ動画コンテスト開催中です☆ #モノクローム","","","17","33","3"
"2014-03-05T09:03:04.000Z","text","ミス・モノクロームのアーティストページが完成しました！

#モノクローム","","","14","27","1"
"2014-03-05T06:17:20.000Z","text","コミカライズ「ミス・モノクロームさん」の第6話が更新です！

アニメや堀江さんのライブでもおなじみの小ネタが満載ですよ☆ #モノクローム","","","9","6","3"
"2014-03-05T06:06:17.000Z","text","発売の3/26までもうまもなくです！！ねんどろいどの申し込み券やポーカーフェイスのMusic CLIPなど盛り沢山でおとどけします！発売までお楽しみにーー！！ε=ε=ε=ヾ(´∀｀ )ﾉ #モノクローム","","","11","8","2"
"2014-03-05T06:03:34.000Z","text","早期予約特典の収納BOXのイラストも公開ですヽ(･∀･)ﾉ  モノクロームだけではなく、KIKUKOやマナちゃん、マネオ、ルーちゃんも勢揃いのイラストです！ #モノクローム","","","19","14","1"
"2014-03-05T05:57:23.000Z","text","3/26発売のミス・モノクロームの白版・黒版のジャケット写真が公開中です！(≧∀≦ )//
3Dとアニメ絵で2タイプになっていますよー！

#モノクローム","","","11","11","2"
"2014-03-02T10:00:27.000Z","text","AnimeJapanイベント申し込み締め切りは今日の23時までですよー！
モノクロームさんが中継で登場予定です！笑
応募がまだの方は急げー！！＝≡ヘ( ・ω・)ノ 
#モノクローム","","","5","11","1"
"2014-03-02T01:01:07.000Z","text","うーさーさんとの合同上映会情報です！
今日はコチラ！ヽ(･∀･)ﾉ
3月2日（日） 13：00～：代々木アニメーション学院福岡校
来場者にはA3コラボポスターをプレゼントですよー！（≧∀≦）
福岡のみなさん準備はOKですか？？
#モノクローム #うーさー","","","4","4","1"
"2014-03-01T01:00:47.000Z","text","今日のうーさーさんとの合同上映会情報です！
3月1日（土） 13：00～：代々木アニメーション学院仙台校
来場者にはA3コラボポスターをプレゼント！
仙台のみなさん、モノクロームとうーさーさんが遊びに行きますよ〜！(≧∀≦*)/
#モノクローム #うーさー","","","5","6","1"
"2014-02-28T14:26:37.000Z","text","そして、「ミス・モノクロームのアイドルのたまご」のお便り募集もあと30分です(><)
まだの方は駆け込むチャンスですーー！

#モノクローム","","","6","6","2"
"2014-02-28T14:25:13.000Z","text","今週末のうーさーさんとの合同上映会情報です！
3月1日（土） 13：00～：代々木アニメーション学院仙台校
3月2日（日） 13：00～：代々木アニメーション学院福岡校
来場者にはA3コラボポスターをプレゼントです☆
#モノクローム","","","11","10",""
"2014-02-28T09:50:26.000Z","text","ミス・モノクロームのラジオCDのお便り募集は今日までです！まだの方はお急ぎをーー！(≧∇≦)/

#モノクローム","","","6","15","1"
"2014-02-27T10:51:58.000Z","text","AnimeJapanのステージ応募締め切りは3/2の23時までとなっています！まだ応募していない方は今のうちにお急ぎをー！3/23のBLUEステージでお待ちしています(≧∇≦) #モノクローム","","","8","6","2"
"2014-02-26T15:20:33.000Z","text","コミカライズ「ミス・モノクロームさん」第5話が更新中です！(・∀・)ノ 
モノクロームとアマネのちぐはぐなやりとりに注目です！笑 #モノクローム","","","4","7","2"
"2014-02-23T00:00:58.000Z","text","今日は 13：00から第三太閤ビル(名古屋)にてうーさーさんとの合同上映会がありますよー！もはやおなじみの二者とも言える？上映会です。お見逃し無く！！ #うーさー #モノクローム","","","9","14","1"
"2014-02-22T01:05:18.000Z","text","そして、今日は 15：00よりゲーマーズなんば店さんにてうーさーさんとの合同上映会です！来場者にはオリジナルコラボポスターをプレゼント☆かわいいですよー！お時間がある方はぜひ。
#うーさー #モノクローム","","","7","6","1"
"2014-02-21T15:51:43.000Z","text","AnimeJapanのBLUEステージの詳細が公開中です！
9:40〜10:15
出演者
ミス・モノクローム（中継）、井上喜久子、堀江由衣
内容
「ミス・モノクローム-The Animation-」トークイベント
#モノクローム","","","10","29","2"
"2014-02-20T12:38:11.000Z","text","もう一個ありました！
ニコニコ動画にて、”踊ってみた””●●やってみた”動画を募集中です！ニコニコ動画に指定タグ【ミス・モノクロームコンテスト】をタグロックの上、
動画をご投稿ください。豪華賞品があるかも…？
#モノクローム","","","10","3","2"
"2014-02-20T12:31:15.000Z","text","BD/DVDのパッケージも発売前には中身をすこーしお見せできるようにしますのでお楽しみに〜！ミス・モノクロームに登場するキャラクターが楽しめる作りになっていますよ☆
#モノクローム","","","5","2","2"
"2014-02-20T12:29:43.000Z","text","これで最後です！(><)
昨年末のC85にて発売されました一部グッズがKING e-shopにて販売中です！フードタオルは巻くとあったかいのでこの冬にぜひ！

#モノクローム","","","5","2","1"
"2014-02-20T12:27:50.000Z","text","AnimeJapanステージイベントの応募が受付中です！
日時：2014年3月23日(日) 9:40～10:15　
ステージ名：BLUEステージ

#モノクローム","","","5","2","3"
"2014-02-20T12:26:44.000Z","text","詳しい対象商品と店舗に関しては公式HPをご確認くださいね♪
モノクロームの対象商品は予約のみになります。ご注意ください！

#モノクローム","","","7","5",""
"2014-02-20T12:23:07.000Z","text","そして、2/22より「うーさーのその日暮らし」「ミス・モノクローム-The Animation-」の関連BD/DVDを予約購入された方にコラボイラスト使用A4クリアファイルをプレゼントです☆(・∀・)ノ  #モノクローム","","","19","24",""
"2014-02-20T12:17:29.000Z","text","【うーさー&モノクローム合同一挙上映会日程】
・3月10日（月） 18：00～：アニメイト池袋本店
・3月10日（月） 18：00～：アニメイト大阪日本橋5Fイベントホール
・3月15日（土） 14:00～：AKIHABARAゲーマーズ本店 8F
#うーさー #モノクローム","","","13","18",""
"2014-02-20T12:17:04.000Z","text","【うーさー&モノクローム合同一挙上映会日程】
・3月2日（日） 13：00～：代々木アニメーション学院福岡校
・3月8日（土） 15：00～：ゲーマーズ立川店
・3月9日（日） 10：30～：ゲーマーズ名古屋店
#うーさー #モノクローム","","","9","9",""
"2014-02-20T12:16:23.000Z","text","【うーさー&モノクローム合同一挙上映会日程】
・2月22日（土） 15：00～：ゲーマーズなんば店
・2月23日（日） 13：00～：第三太閤ビル(名古屋) 
・3月1日（土） 13：00～：代々木アニメーション学院仙台校
#うーさー #モノクローム","","","12","15",""
"2014-02-20T12:15:00.000Z","text","『うーさーのその日暮らし』さんとのコラボイベントが今週末より実施されます！！
合同一挙上映会が今週末2/22(土)より全国各地からスタート！ご参加頂いた方には【A3コラボポスター】をプレゼント☆ #モノクローム","","","14","13","1"
"2014-02-20T12:12:10.000Z","text","白版＆黒版の初回製造分のみに【色違いのミス・モノクロームの限定ねんどろいど】の購入応募券・応募台紙を封入されます！こちらのモノクロームはEDに出てくるあの黒いモノクロームです！ここでしか手に入りません！！ #モノクローム","","","15","16","2"
"2014-02-20T12:09:03.000Z","text","【モノクロ人生相談】
アナタからミス・モノクロームへの相談メッセージを募集。
スーパーコンピューターを使い最良の解決法を瞬時に生み出します。
【モノクローム大喜利】
お題「自分すら知らないミス・モノクロームの驚くべき隠れた機能は何？」
皆さんからの投稿お待ちしています。","","","13","11",""
"2014-02-20T12:08:44.000Z","text","【モノクロ占い部】
アナタからミス・モノクロームに占って欲しい事を募集。
オリジナルのルーちゃん占いでアナタの未来を占います。
【オッス！アイドル塾】
皆さんが考えたミス・モノクロームに今後使って欲しいアイドルの決めゼリフ・紹介ゼリフを募集します。
#モノクローム","","","12","9",""
"2014-02-20T12:08:23.000Z","text","【モノクローム様は…絶対！】
アナタからのアイディアを募集するコーナー
今回のお題は「次に作って欲しいミス・モノクロームのグッズは何？」
皆さんのアイディアお待ちしています。
#モノクローム","","","14","10",""
"2014-02-20T12:08:06.000Z","text","【ふつおた】
ミス・モノクロームへの質問メッセージ、お便りお待ちしています。
【もっと名言王で私は前に出る】
アナタから、ミス・モノクロームに言い換えて欲しい名言を募集します。
ただし、他のアニメ作品などの名言は送ってこないで下さいね。
#モノクローム","","","7","6",""
"2014-02-20T12:07:17.000Z","text","白版黒版の法人別連動購入特典の『ミス・モノクロームのラジオCD』のおたよりを募集中です！ラジオのタイトルは「「ミス・モノクロームのアイドルのたまご」」です！
おたよりのお応募はこちらから☆

#モノクローム","","","17","15",""
"2014-02-20T12:05:38.000Z","text","ミス・モノクロームのBD/DVDの発売がもうそろそろ1ヶ月を切りそうです…！(><) 色んなまとめをしていきますよ〜！拡散希望です！！ #モノクローム","","","10","8","1"
"2014-02-19T09:53:06.000Z","text","うーさーさんとの合同上映会が2/22より全国各地でスタートします☆ぜひお住まいの地域でごらんくださいませー！来場者にはコラボポスターをプレゼント♪  #モノクローム","","","30","41",""
"2014-02-19T09:51:13.000Z","text","コミカライズ「ミス・モノクロームさん」第4話が更新中です！
今回も突っ込みどころがある展開になっていますよ♪  #モノクローム","","","7","3","2"
"2014-02-17T04:33:27.000Z","text","以上でおたよりは全てになります！どこかで聞いた事が…。
ラジオタイトルは「ミス・モノクロームのアイドルのたまご」になっています☆
募集は2月いっぱいとなっておりますのでお急ぎをー！
#モノクローム","","","18","11",""
"2014-02-17T04:26:14.000Z","text","【モノクローム大喜利】
お題「自分すら知らないミス・モノクロームの驚くべき隠れた機能は何？」
皆さんからの投稿お待ちしています。
#モノクローム","","","15","14",""
"2014-02-17T04:26:01.000Z","text","【モノクロ人生相談】
アナタからミス・モノクロームへの相談メッセージを募集。
スーパーコンピューターを使い最良の解決法を瞬時に生み出します。
#モノクローム","","","16","15",""
"2014-02-17T04:24:55.000Z","text","【モノクロ占い部】
アナタからミス・モノクロームに占って欲しい事を募集。
オリジナルのルーちゃん占いでアナタの未来を占います。
【オッス！アイドル塾】
皆さんが考えたミス・モノクロームに今後使って欲しいアイドルの決めゼリフ・紹介ゼリフを募集します。
#モノクローム","","","18","15",""
"2014-02-17T04:24:15.000Z","text","【モノクローム様は…絶対！】
アナタからのアイディアを募集するコーナー
今回のお題は「次に作って欲しいミス・モノクロームのグッズは何？」
皆さんのアイディアお待ちしています。
#モノクローム","","","17","18","2"
"2014-02-17T04:23:35.000Z","text","【ふつおた】
ミス・モノクロームへの質問メッセージ、お便りお待ちしています。
【もっと名言王で私は前に出る】
アナタから、ミス・モノクロームに言い換えて欲しい名言を募集します。
ただし、他のアニメ作品などの名言は送ってこないで下さいね。 #モノクローム","","","20","17",""
"2014-02-17T04:22:47.000Z","text","BD/DVDの特典のラジオCDのお便りを募集中です♪公式HPの応募フォームよりご応募くださいませー！
 #モノクローム","","","24","25","1"
"2014-02-14T08:01:13.000Z","text","AnimeJapanのステージイベントが決定致しました！！
3/23(日) 9:40〜10:15
ステージ
「ミス・モノクローム-TheAnimation-」
出演者などの詳細は追ってご連絡させて頂きます。
#モノクローム","","","31","96","3"
"2014-02-14T01:34:00.000Z","text","今日はバレンタインデーということで公式HPのトップ画像がバレンタイン仕様になっていますよー♪(・∀・)ノ 
壁紙もダウンロード可能です♪
 #モノクローム","","","18","26","7"
"2014-02-12T09:05:20.000Z","text","コミカライズ「ミス・モノクロームさん」第3話が現在公開中です！ コミカライズでの新キャラ「アマネ」が登場していますよー！ #モノクローム","","","15","12","2"
"2014-02-09T06:49:46.000Z","text","ワンフェスのワンホビブースにてスタッフがミス・モノクロームの紹介を行ってきました！ねんどろいどの展示も！(・∀・)ノ  詳細は後日お知らせ致します。 #モノクローム","","","9","11","1"
"2014-02-09T01:05:15.000Z","text","そして、白版＆黒版の連動購入特典応募券の中身が決定☆ 色違いのミス・モノクロームの限定ねんどろいどの購入応募券・応募台紙を封入されますよー！  #モノクローム","","","13","40","3"
"2014-02-09T01:00:38.000Z","text","ミス・モノクロームのデコマス画像が公開です♪ヽ(´▽｀)/  かわいすぎます…！！  #モノクローム","","","22","54","6"
"2014-02-08T22:35:30.000Z","text","今日のアニメ公式HPは新星堂さんです！(・∀・)ノ  エプロン似合いますね～♪これでコラボは以上です。等身大popがあるお店もあるので探してみてくださいね☆ #モノクローム","","","5","1","2"
"2014-02-08T04:43:34.000Z","text","今日のアニメ公式HP更新はとらのあなさんです♪ヽ(´▽｀)/  肩のキャラがかわいいですね♪ #モノクローム","","","7","7","2"
"2014-02-07T12:46:31.000Z","text","今週末には新しい情報が出せるかもしれませんよ…！ぜひぜひお楽しみにお待ちください((o(^∇^)o)) #モノクローム","","","9","10","1"
"2014-02-07T12:44:32.000Z","text","コラボカフェの期間ももうまもなくとなっております！！まだの方はお急ぎくださいね♪ヽ(´▽｀)/うーさーさんも皆さんを待ち構えております☆ #モノクローム #うーさー ","","","6","4","1"
"2014-02-07T12:42:33.000Z","text","店内にはモノクロームさんのポップも！こちらは現在アニメ公式HPトップのゲーマーズさんのものです☆(・∀・)ノ  他の店舗さんのものも集結していますー！ #モノクローム","","","6","3","1"
"2014-02-07T12:40:54.000Z","text","グッ鉄カフェさんでポーカーフェイスをお買い上げの方にはポスターがもらえるとのことです！  お急ぎくださいー！！( ゜o゜) #モノクローム","","","5","2","1"
"2014-02-07T12:38:55.000Z","text","コラボプレートとドリンクです☆(・∀・)ノ   おやつ時にぴったりの味になっておりますよ♪ #モノクローム","","","6","3","1"
"2014-02-07T12:37:27.000Z","text","フードメニューも頂きました！(≧∇≦)これはコースターですよ♪  テーブルにはミス・モノクロームさんのコミックも！  #モノクローム","","","13","11","1"
"2014-02-07T12:35:15.000Z","text","アニメの場面集なども展示されていますよ♪♪ヽ(´▽｀)/  うーさーさんの資料も見れます！かわいいです☆ #モノクローム","","","8","2","1"
"2014-02-07T12:34:01.000Z","text","店内にはモノクロームちゃんの設定資料が展示されています☆(・∀・)ノ  グッズも！  #モノクローム","","","6","4","1"
"2014-02-07T12:32:34.000Z","text","今日はグッ鉄カフェさんの方にお邪魔させて頂きました～！(^∇^)  写真など載せていきますよー！ #モノクローム","","","8","6","1"
"2014-02-07T06:35:48.000Z","image","かわいい♪(≧∇≦) RT : 「うーさーのその日暮らし＆ミス・モノクロームカフェ」店内にて「ねんどろいど ミス・モノクローム」の原型展示中！ #モノクローム #うーさー","","https://pbs.twimg.com/media/Bf2eZWaCIAE8zpC?format=jpg&name=small","49","52","4"
"2014-02-07T04:41:13.000Z","text","宜しくお願いしますー♪ヽ(´▽｀)/ #モノクローム RT : 【W新連載】堀江由衣キャラクター原案『ミス・モノクローム』と若菜『ハナハダハナヤ』、本日発売のgood!アフタヌーンから連載開始！ ","","","11","8","1"
"2014-02-07T04:40:44.000Z","text","本日2月7日発売のgood! アフタヌーン 第40号にてコミカライズ『ミス・モノクローム -Motto Challenge-』の連載がスタートしました！♪ヽ(´▽｀)/  #モノクローム","","","5","5","3"
"2014-02-07T01:26:16.000Z","text","今日のアニメ公式HPトップはゲーマーズさんコラボになっております☆(・∀・)ノ  黄色いエプロンがよく似合ってますね♪ #モノクローム","","","9","2","3"
"2014-02-06T01:14:01.000Z","text","今日のアニメ公式HPトップ画像はソフマップさんです☆(・∀・)ノ 
ルーちゃんを持っているのが可愛いですね♪ #モノクローム","","","9","2",""
"2014-02-06T01:12:07.000Z","text","ニコニコ動画にて絶賛募集中ですよー♪ヽ(´▽｀)/ RT : ミンナ ポーカーフェイス ウタッタリ オドッタリ シテル？","","","8","3","1"
"2014-02-05T04:52:36.000Z","text","ミス・モノクロームさん第2話が公開中です♪今回はモノクロームが一人でCDを売ろうとするところから話がスタートします☆

#モノクローム","","","6","10","3"
"2014-02-05T01:38:20.000Z","text","上映会にお越しの方にはA3コラボポスターを、2/22より対象商品をご購入・ご予約の方にはコラボイラスト使用のA4クリアファイルをプレゼント予定です。お楽しみに！ #モノクローム","","","14","12","2"
"2014-02-05T01:35:04.000Z","text","「うーさーのその日暮らし」さんとのコラボ企画始動です♪合同一挙上映会の開催を予定しておりますので、ぜひお越しくださいませ☆  #モノクローム","","","20","34","1"
"2014-02-04T15:37:01.000Z","text","店内の様子が見れますよー！グッズがかわいいです♪ヽ(´▽｀)/ #モノクローム RT : グッスマらぼブログ更新ぐま！ : 『突撃、うーさーのその日暮らし&ミス・モノクロームカフェ！』  #goodsmile","","","15","9","1"
"2014-02-04T15:34:42.000Z","text","アニメ公式HPのトップ画像がまたまた更新です♪次はアニメイトさんとのコラボ画像です☆(・∀・)ノ  #モノクローム","","","7","7","1"
"2014-02-04T01:41:40.000Z","text","アニメ公式HPのトップ画像がタワーレコードさんのコラボ画像になっています♪明日は違うお店さんのものになりますので毎日チェックですよ☆(・∀・)ノ  #モノクローム","","","9","12","2"
"2014-02-03T03:00:59.000Z","text","『ミス・モノクローム-The Animation-』がAT-Xにて再放送決定です！
 3月23日（日）21:00-22:00
 3月29日（土）21:00-22:00
 ※13話連続で放送いたします。
#モノクローム","","","14","26","2"
"2014-02-01T14:41:58.000Z","text","本日2/1と明日2/2にOAの林原めぐみさんのHeartful StationとTokyo Boogie Nightでコメントが流れます！
放送日時は番組によって異なりますので、HPをご確認ください。
 #モノクローム","","","14","30","2"
"2014-02-01T05:42:17.000Z","text","秋葉原のグッ鉄カフェさんにて「うーさーのその日暮らし」さんとのコラボカフェが開催中です☆店内には展示品が多数ありますよ♪(≧∇≦)  #モノクローム","","","7","3","2"
"2014-01-31T09:09:37.000Z","text","堀江さんのインタビューも載ってますよー！(・∀・) RT : ほっちゃん原案ミス・モノクローム、特集記事でもっと前へ  #モノクロポーカーフェイス #モノクローム #堀江由衣","","","8","11","1"
"2014-01-31T00:52:41.000Z","text","コラボカフェの内装も一部ご紹介♪(・∀・)ノ  #モノクローム #うーさー","","","6","7","1"
"2014-01-31T00:51:44.000Z","text","今日からグッ鉄カフェさんで「うーさーのその日暮らし」さんとのコラボカフェがスタートです☆ こちらはコラボプレートになります！(・∀・)ノ ","","","13","21","2"
"2014-01-30T02:33:00.000Z","text","明日から始まる「うーさーのその日暮らし」さんとのコラボカフェの座席予約が現在受付中です☆  今週末も空いているようなので如何でしょうか？？ #モノクローム #うーさー","","","26","30","2"
"2014-01-29T11:47:46.000Z","text","クマスターの店頭販売終了しました！＼(^o^)／お越しいただいた皆さまありがとうございました！ #モノクローム","","","7","5","3"
"2014-01-29T10:10:56.000Z","text","もうまもなくクマスターの店頭販売ですー！(^∇^) ポーカーフェイスのチラシもお配りしますよ☆ #モノクローム","","","5","3","3"
"2014-01-29T09:16:46.000Z","text","あと1時間です☆ミス・モノクロームのシングル「ポーカーフェイス」が発売を記念して、AKIHABARAゲーマーズ本店の店頭にてクマスターが応援販売実施♪
19時20分～20時30分の予定です。 #モノクローム","","","10","8","1"
"2014-01-29T05:35:27.000Z","text","星海社さんの『最前線』にてコミカライズ「ミス・モノクロームさん」がスタートしました！
 毎週水曜日に更新していきますのでお楽しみに！ #モノクローム","","","29","29","1"
"2014-01-29T03:44:04.000Z","text","早くも報告が…！みなさんありがとうございます！ガールフレンド(仮)のSRカードももらますのでお忘れなく♪詳細は封入の紙に記載されています。 #モノクローム","","","16","12","2"
"2014-01-29T03:42:23.000Z","text","そして、アニメ公式HPがポーカーフェイス仕様になっております！(・∀・)ノ  #モノクローム","","","16","20","1"
"2014-01-28T15:11:22.000Z","text","もうひとつ！こちらは対象店舗でもらえるブロマイド各種です♪(・∀・)ノ  各話の名場面ですよー！ #モノクローム","","","17","10","2"
"2014-01-28T15:08:54.000Z","text","いよいよポーカーフェイス発売です！店頭ではフルサイズのPVも視聴できますよ☆写真はキングレコード本社で流れていたものです(・∀・)ノ  #モノクローム","","","22","21","3"
"2014-01-28T15:04:07.000Z","text","そして、コミックマーケット85にて販売した一部商品の通販も販売開始です！ #モノクローム","","","13","8","3"
"2014-01-28T15:02:51.000Z","text","ニコニコ動画にて「踊ってみた、やってみたコンテスト」の開催が決定しました！詳しい詳細はこちらのページから☆  皆さんの力作お待ちしています♪ #モノクローム","","","15","18","1"
"2014-01-28T15:00:31.000Z","text","モノクロームの時報ー！＼(^o^)／ #モノクローム","","","10","10","1"
"2014-01-28T08:02:36.000Z","text","CD発売を記念してニコニコ動画にてミス・モノクロームの時報ジャックが行われるようです…！1月29日0時（28日24時）にニコニコ動画で待機していてくださいね☆ お知らせもあるかも？？ #モノクローム","","","23","71","3"
"2014-01-28T04:05:30.000Z","text","ちなみにクマスターとは堀江由衣さんのライブに登場する青いクマのキャラクターで、昨年のライブでもミス・モノクロームとともに登場しております。 #モノクローム","","","9","7","1"
"2014-01-28T04:00:28.000Z","text","明日はミス・モノクロームのデビューシングル「ポーカーフェイス」が発売です！これを記念して、AKIHABARAゲーマーズ本店の店頭にてクマスターが応援販売実施♪
時間は19時20分～20時30分の予定です。 #モノクローム","","","16","43","4"
"2014-01-27T12:02:25.000Z","text","秋葉原駅のデジタルサイネージはこのようになってますー！(・∀・)ノ  見かけた方はいますか？？ #モノクローム","","","12","14","2"
"2014-01-27T10:02:15.000Z","text","今夜深夜1時からのラジオ番組「リッスン？」()にてミス・モノクロームのコメントが流れますー！(≧∇≦)パーソナリティーは小松未可子さん♪ AM1134にてチェックです！ #モノクローム #listen1134","","","9","19","2"
"2014-01-26T10:00:51.000Z","text","そして、1/29発売「ポーカーフェイス」のゲーマーズさんの特典はこちらになります(・∀・)ノ  #モノクローム","","","18","18","3"
"2014-01-26T09:57:15.000Z","text","明日1/27からJR秋葉原駅の電気街口改札外デジタルサイネージにて「ポーカーフェイス」のデジタルポスターが掲出されます！ぜひご確認くださいー！(・∀・)ノ  #モノクローム","","","19","32","3"
"2014-01-25T08:01:38.000Z","text","今夜21:00から文化放送さんの「A&G超RADIO SHOW～アニスパ！～」()にてミス・モノクロームのコメントが流れるそうです！お聞きになれる方はAM1134でぜひお聞きくださいませ。 #モノクローム  #joqr #agqr #anispa","","","22","40","4"
"2014-01-25T01:56:48.000Z","text","全国のアニメイトにて開催中の『2014年冬のオーディオ・ビジュアルまつり』が2/11まで期間延長決定です！ミス・モノクロームではA4クリアファイルをご用意しています！ポーカーフェイスを買ってもポイントはつきますよー！(≧∇≦) #モノクローム","","","14","15","3"
"2014-01-24T11:18:10.000Z","text","「ポーカーフェイス」とらのあなさんの特典はこちら！(・∀・)ノ  モノクロが鮮やかに見るようになっています♪ #モノクローム","","","6","4","1"
"2014-01-24T11:16:04.000Z","text","今日も1/29発売の「ポーカーフェイス」情報をお届けしていきます！(≧∇≦) 今回はとらのあなさんの特典です！ #モノクローム","","","6","4","1"
"2014-01-24T10:10:36.000Z","text","ミス・モノクロームのYouTubeチャンネルはこちらになります(・∀・)ノ  ポーカーフェイスのPVが見れますよ☆ #モノクローム","","","10","23","3"
"2014-01-24T10:05:44.000Z","text","公開です！(・∀・)ノぜひぜひご覧くださいませー！ RT : ミス・モノクローム、YouTubeチャンネル開設＆PV公開  #モノクロポーカーフェイス #モノクローム","","","9","9","1"
"2014-01-23T11:01:05.000Z","text","1/29発売「ポーカーフェイス」のアニメイトさんのオリジナル特典です！  実際のケースにいれると更にかわいい雰囲気に…！(・∀・)ノ #モノクローム","","","9","10","2"
"2014-01-23T10:58:39.000Z","text","今日は色々告知をしていきましたが、CDの情報も少しお見せしますー！ #モノクローム","","","8","2","1"
"2014-01-23T05:45:53.000Z","image","1月29日発売「ポーカーフェイス」初回製造分封入ガールフレンド（仮）SR絵柄(ルーちゃんver.)公開ですー！ヽ(･∀･)ﾉ #モノクローム","","https://pbs.twimg.com/media/BepFRRMCEAAom_f?format=jpg&name=small","49","92","4"
"2014-01-23T04:09:56.000Z","image","すごくかわいいです！(^∇^) RT : 「うーさーのその日暮らし＆ミス・モノクロームカフェ」コラボメニューをチラ見せ♡ 『うーさー＆ミス・モノクロームコラボプレート』  #うーさー #モノクローム","","https://pbs.twimg.com/media/BeopBlTCYAAmtDP?format=jpg&name=small","23","32","4"
"2014-01-23T03:02:22.000Z","text","秋葉原のグッ鉄カフェにて「うーさーのその日暮らし」とのコラボカフェが1/29よりスタートします！特別メニューや本編上映、原画展示など盛り沢山です(≧∀≦)  #モノクローム","","","35","82","1"
"2014-01-23T02:05:42.000Z","text","1/29発売「ポーカーフェイス」がキングレコードHPのトップに表示されるようになりました！ CM SPOTがご覧頂けます！ #モノクローム","","","9","5","3"
"2014-01-22T11:01:57.000Z","text","明日もオリジナル特典などもお見せしていきますー！他の情報告知もあるかもしれません…！( ゜o゜) #モノクローム","","","6","4","1"
"2014-01-22T10:59:34.000Z","text","ちなみに中身はこのようになっています！！ディスクがルーちゃん仕様になってかわいいです…！  #モノクローム","","","12","24","1"
"2014-01-22T10:57:28.000Z","text","今日は早速届きましたサンプルをお見せしますー！(≧∇≦)  このキラキラしているのが特殊スリーブです！ #モノクローム","","","11","19","2"
"2014-01-22T10:55:40.000Z","text","ミス・モノクロームのデビューシングル「ポーカーフェイス」が来週1/29にいよいよ発売です！実際のパッケージなど少しずつお見せしていきますよ…！ #モノクローム","","","6","10","1"
"2014-01-22T01:30:27.000Z","image","本日発行のアニカンさんにてミス・モノクロームのインタビューが掲載されています！楽曲からパーソナルなことまで聞いてもらっています☆ #モノクローム","","https://pbs.twimg.com/media/BejBN6RCQAAtnVZ?format=jpg&name=900x900","23","27","5"
"2014-01-21T14:30:19.000Z","text","ちなみに先ほどのとらのあなさんの広告は2Fに貼ってあるので、お近くにお越しの際は見上げてご覧くださいね。( ゜o゜) #モノクローム","","","9","1",""
"2014-01-21T14:24:23.000Z","text","このインタビューすごく貴重です…！ RT : アニカンのミス・モノクロームのインタビューなう(｀ﾛ´;)作詞したほっちゃんのことも語ってます…！ #モノクローム","","","19","12","3"
"2014-01-21T14:21:49.000Z","image","来週1/29のポーカーフェイス発売ということで、とらのあな秋葉原B店さんにて広告が掲示中です！イラストはこのための書き下ろしですよー！ #モノクローム","","https://pbs.twimg.com/media/BegoLTsCUAANayr?format=jpg&name=small","44","41","1"
"2014-01-21T14:16:27.000Z","text","C85で先行販売されたミス・モノクロームの一部グッズが、1月29日(水)0時より、キングレコードオフィシャル通販サイト“KING e-SHOP”で販売決定！
詳細は公式HPにて！

#モノクローム","","","26","27","2"
"2014-01-10T09:02:13.000Z","text","1/29発売の「ポーカーフェイス」のタワーレコードさんの特典画像が公開になりました！こちらのイラストはB2サイズポスターになります。まだの方はぜひ予約を！   #モノクローム","","","15","13","1"
"2014-01-07T16:41:59.000Z","text","TVアニメ「うーさーのその日暮らし 覚醒編」にてミス・モノクロームが出演しましたー！現在うーさーさんの公式HPではミス・モノクロームとのコラボ壁紙を公開中です。 ぜひぜひダウンロ―ドしてくださいー！ #モノクローム #うーさー","","","63","151","1"
"2014-01-06T11:33:23.000Z","text","CD「ポーカーフェイス」の詳しい情報はコチラから☆ 

法人別オリジナル特典の情報もコチラに掲載されていますよ！ #モノクローム","","","16","21","1"
"2014-01-06T11:31:20.000Z","text","1/29発売の「ポーカーフェイス」の商品仕様が更新されました！
カップリング楽曲タイトルは「？」です！この曲の作詞はなんと…堀江由衣さんが担当！
初回プレス分には【ガールフレンド（仮）SRミス・モノクローム／ルーちゃんver.シリアルコード】が封入ですー！ #モノクローム","","","53","127","5"
"2014-01-04T09:42:31.000Z","text","現在公式HPの新年仕様ですが、明日1/5いっぱいまでとなっております。壁紙ダウンロードも同様なのでまだの人はお急ぎをー！スマホ用の壁紙もご用意しております！ #モノクローム ","","","30","39","2"
"2013-12-31T15:06:08.000Z","text","あけましておめでとうございます！今年もミス・モノクロームを宜しくお願い致します！
…というわけで、公式HPのトップページがお正月仕様になっています！こちらのページの壁紙ダウンロードも行っていますよ☆  #モノクローム ","","","39","62","5"
"2013-12-31T11:04:40.000Z","text","ミス・モノクロームでしたね…！それでは、皆様よいお年を！ RT : コミケの興奮が冷めやみませんが今日もミス。モノクロームの公式HPを見ていると何か良い事があるかもしれませんよ…！ #モノクローム","","","8","13","1"
"2013-12-31T11:00:48.000Z","text","コミケの興奮が冷めやみませんが今日もミス。モノクロームの公式HPを見ていると何か良い事があるかもしれませんよ…！ #モノクローム","","","15","28","1"
"2013-12-31T01:33:26.000Z","text","ありがとうございます！＼(^o^)／ RT : ミス・モノクロームのタンブラー完売しました！ありがとうございました！ #c85 #モノクローム","","","8","11",""
"2013-12-31T01:18:28.000Z","text","コミケ85にて販売中のミス・モノクロームグッズですが、タンブラーが残り僅かになっています！欲しい方はお早めにブースNo.333へ！ #モノクローム #c85","","","5","10",""
"2013-12-31T00:10:03.000Z","text","今年もいよいよ終わり！コミケも最終日ということでミス・モノクロームグッズも全商品取り揃えています！ブースNo.333までお越しくださいー！＼(^o^)／商品サンプルも展示してます！ #c85","","","9","13","2"
"2013-12-30T08:27:07.000Z","text","コミケ2日目無事終わりましたー！明日も全商品取り揃えおりますのでぜひぜひお越しくださいませ！ #モノクローム #c85","","","6","5",""
"2013-12-30T00:02:56.000Z","text","今日はコミケ2日目です！モノクロームグッズを取り揃えてブースNo.333にてお待ちしていますー！写真はフードタオルです。かわいい！(^∇^)  #c85 #モノクローム","","","17","15",""
"2013-12-29T08:08:23.000Z","text","コミケ1日目無事終了しましたー！モノクロームグッズ手に入れてもらえましたか？明日以降も販売しておりますのでお見逃しなく！ #c85 #モノクローム","","","11","8","1"
"2013-12-28T22:53:31.000Z","text","今日からコミケスタート！企業ブースNo.333にて皆様をお待ちしています！ぜひぜひ一度お立ち寄りくださいませ☆ 商品情報はこちらから→  #c85","","","22","20","2"
"2013-12-28T10:34:21.000Z","text"," 多くの方が並ばれる場合はそのような対応になります。基本的にはブース前に並んで頂く形になります！ #モノクローム","","","","","1"
"2013-12-28T10:25:24.000Z","text","ブースNo.344のグッドスマイルカンパニーさんのブースでもミス・モノクロームグッズが販売されます！モノクロームのラバーストラップとルーちゃんのデカ缶バッチが販売予定☆すごく可愛いのでおすすめですよー！  #モノクローム #C85","","","9","6",""
"2013-12-28T10:25:16.000Z","text","【C85】ミス・モノクロームグッズ一覧(ブースNo.333) ・グッズセットA（リキッドマウスパッド＆筆箱） ・グッズセットB（トートバッグ、ふわふわフードタオル） ・アイマスク ・ステンレスタンブラー  #モノクローム #C85","","","7","8",""
"2013-12-28T10:22:29.000Z","text","スターチャイルドブースのお品書きはこのようになっていますー！また後でまとめてご紹介します！  #モノクローム #c85","","","7","6",""
"2013-12-28T10:21:02.000Z","text","コミケブースの設営が完了しましたー！＼(^o^)／   ブースNo.333のスターチャイルドです！モノクロームとキタエリちゃんが目印です☆ #モノクローム","","","8","16","1"
"2013-12-25T12:42:03.000Z","text","ミス・モノクロームの公式HPのクリスマス仕様ですが、本日の23:59までの限定公開になります…！壁紙も同様なのでまだ手に入れてない方は急いでくださいね…！ #モノクローム","","","8","18","1"
"2013-12-24T16:46:09.000Z","text","怒濤の告知でした…。TVアニメは最終話を迎えましたが、まだまだミス・モノクロームはもっと前に出てきます…！今日までおつきあい頂きましたみなさんありがとうございます！ぜひぜひ今後の展開もお楽しみにお待ちくださいませ！ #モノクローム","","","9","13","1"
"2013-12-24T16:45:19.000Z","text","そして、明日は堀江由衣さんのライブBD&DVD「堀江由衣をめぐる冒険Ⅳ～パイレーツ・オブ・ユイ 3013～」がリリースされます！こちらの映像には海賊の衣装を着たモノクロームが出てきますよー！ぜひチェックしてみてくださいね！ #モノクローム","","","10","13",""
"2013-12-24T16:42:28.000Z","text","まだまだあります！ミス・モノクロームのコミカライズが決定！星海社ウェブサイト『最前線』とgood！アフタヌーンの2誌にて掲載予定です！詳細は後日お知らせします！お楽しみに！  #モノクローム","","","16","37",""
"2013-12-24T16:41:42.000Z","text","Blu-ray&DVDの早期予約キャンペーンも実施！対象店舗にて白版&黒版をご予約頂いた方を対象に白版＆黒版収納BOXが、法人別オリジナル連動特典には録り下ろし「ミス･モノクロームのラジオCD」が付いてきますよー！  #モノクローム","","","25","42",""
"2013-12-24T16:41:11.000Z","text","Blu-ray&DVD白版には劇中でKIKUKOが歌う「Endless Seventeen」とサウンドトラックがCDとして同梱！さらに黒版にはエンディングでミス・モノクロームが歌う「ポーカーフェイス」のMUSIC CLIPが映像特典で収録されます！ #モノクローム","","","24","45",""
"2013-12-24T16:40:16.000Z","text","また、「ミス・モノクローム -The ANIMATION-」のBlu-ray&DVDの発売も決定！白版と黒版が来年の3月26日に2本同時リリースとなります！ #モノクローム","","","36","91","1"
"2013-12-24T16:39:21.000Z","text","テレビ東京での#13 の視聴ありがとうございました！な、なんとミス・モノクロームのCDデビューが本当に決定しましたー！デビュー曲「ポーカーフェイス」が来年の1月29日にリリースとなります！店舗特典も公開中です！  #モノクローム","","","78","227",""
"2013-12-24T16:36:06.000Z","text","まさかのCDデビュー決定！(°Д°) #モノクローム","","","16","33","1"
"2013-12-24T16:35:24.000Z","text","はじまりましたー！怪しげなおじいさんが…(笑) #モノクローム","","","6","1",""
"2013-12-24T16:32:01.000Z","text","このあと1:35よりテレビ東京にて#13 MONOCHROMEがオンエアですー！みなさん見る準備はできてますか？もうまもなく！ #モノクローム","","","10","6","1"
"2013-12-24T05:40:40.000Z","text","そして、年末に開催されますコミックマーケットにて販売予定のミス・モノクロームのグッズが公開中です！アイマスクやタンブラーなど各種アイテムを取り揃えています。コミケにお越しの際はぜひブースNo.333へ！ #モノクローム #c85","","","13","11","1"
"2013-12-24T05:37:05.000Z","text","ただいまミス・モノクロームのアニメ公式HPがクリスマス仕様になっています！こちらのTOPページの画像を使った特製壁紙をプレゼント中！この機会にアクセスしてみて下さいね。  #モノクローム","","","10","11","1"
"2013-12-24T05:33:40.000Z","text","本日の深夜1:35よりテレビ東京にて#13 MONOCHROMEがオンエアとなります！いよいよ最終回になってしまいました…。今日の放送はリアルタイムで最後まで見ると何か良い事があるかもしれません…！  #モノクローム","","","13","45","2"
"2013-12-24T03:52:05.000Z","text","「ミス・モノクローム」のしゃべってキャラが登場！ドコモ公式ランキングNo.1マチキャラサイト『しゃべってdキャラとり放題』にて、大好評配信中です！ドコモの携帯電話をお使いの方はぜひチェックしてみてくださいね！ #モノクローム","","","14","21","2"
"2013-12-23T15:06:22.000Z","text","公式HPが期間限定でクリスマス仕様になっていますー！サンタの格好をしたモノクロームの壁紙がダウンロード出来るようになっています！アクセスしてみてくださいね。 #モノクローム ","","","18","50","3"
"2013-12-23T06:00:58.000Z","text","明日はクリスマスイブと最終回の放送日ということで、ミス・モノクロームでもちょっとした動きがあるかもしれません…！ぜひぜひお楽しみにお待ちくださいませ。 #モノクローム","","","8","28","1"
"2013-12-17T15:03:53.000Z","text","この後は深夜2:05より#12 IDOLがテレビ東京にてオンエアになります！今回は放送時間がいつもより30分遅くなっておりますのでご注意ください！ #モノクローム","","","4","9","1"
"2013-12-17T05:00:29.000Z","text","本日は#12 IDOLがテレビ東京にてオンエアになります！今回は放送時間が変更になりますのでご注意ください！あのキャラが再登場…！ #モノクローム
深夜1:35〜深夜1:40→深夜2：05～2：10","","","15","20","3"
"2013-12-11T01:35:07.000Z","text","【放送時間変更のお知らせ】来週テレビ東京での#12 の放送時間が変更になります。
12月17日(火)深夜2：05～2：10
お間違いの無いようにお願い致します。 #モノクローム","","","5","10","1"
"2013-12-11T01:30:09.000Z","text","昨夜の#11 を見逃してしまったー！という方はこちらのアドレスからお楽しみ頂けます！  前に出たいモノクロームの姿がたくさん見れますよ。 #モノクローム","","","5","3",""
"2013-12-10T16:45:31.000Z","text","C85にて販売する商品は以下です！
商品画像や価格などは公式HPをご確認ください。
グッズセットA（リキッドマウスパッド＆筆箱）
グッズセットB（トートバッグ、ふわふわフードタオル）
アイマスク
ステンレスタンブラー
 #モノクローム","","","35","55","1"
"2013-12-10T16:42:05.000Z","text","お知らせです！！公式HPでは現在コミックマーケット85のミス・モノクロームのグッズ情報が公開されております！アイマスクにタンブラーなど限定商品を販売しております！ぜひぜひチェックしてくださいね！ #モノクローム ","","","23","51","2"
"2013-12-10T16:40:43.000Z","text","#11 のテレビ東京での視聴ありがとうございました！モノクロームのあの才能は逆にすごいと思いますが…！ 
このあとお知らせがありますよー！ #モノクローム","","","7","11","2"
"2013-12-10T16:36:13.000Z","text","オンエア始まりましたー！ #モノクローム","","","5","1",""
"2013-12-10T05:00:21.000Z","text","本日の深夜1:35からテレビ東京にて#12 「AUDITION」がオンエアです！前に出たい気持ちが強いモノクロームが色んなオーディションに参加するお話です。ちょっと変わったオーディションも出てくるかも…！お楽しみに！ #モノクローム ","","","12","12","1"
"2013-12-04T01:08:40.000Z","text","昨夜の#10 FIGHTERの放送を見逃してしまったー！という方は配信でぜひお楽しみください！こちらのアドレスからお楽しみ頂けますよ！  #モノクローム","","","10","4","1"
"2013-12-03T16:51:16.000Z","text","こちらのURLでは#10 FIGHTERの配信も始まっておりますー！今回の展開につっこみを入れながら視聴されたい方はぜひコメントをー！ #モノクローム","","","9","9","1"
"2013-12-03T16:45:56.000Z","text","テレビ東京での#10 の視聴ありがとうございました！予想の斜め上をいくまさかの超展開でした…！ #モノクローム","","","6","4","2"
"2013-12-03T15:03:38.000Z","text","この後深夜1:35から#10 FIGHTERがオンエアになります。モノクロームがふと訪れたアイドルの握手会に感化され…。本編もぜひお楽しみに！ #モノクローム","","","7","10","1"
"2013-12-03T04:00:17.000Z","text","本日の深夜1:35より#10 FIGHTERがオンエアです！サブタイトルとあらすじが一致していないような気がしますが…。そのわけは本編をチェックしてみてくださいね！  #モノクローム","","","5","7","1"
"2013-12-01T14:27:44.000Z","text","先ほど誤ったツイートをしてしまったため削除させていただきました。大変失礼致しました。","","","5","8",""
"2013-11-26T16:08:36.000Z","text","このあと深夜1:35からテレビ東京にて#09 RIVALがオンエアになります！どんな回になるかは見てのお楽しみですよ！ #モノクローム","","","6","9","2"
"2013-11-26T05:35:19.000Z","text","ミス・モノクローム -The Animation-×ガールフレンド(仮)コラボイベント『聖櫻学園物語～ミス・モノクロームアイドル化計画』が現在開催中ですー！ガールフレンド(仮)を遊んでいる方はぜひ！  #モノクローム","","","21","49","1"
"2013-11-26T04:55:07.000Z","text","今日の深夜1:35からテレビ東京にて#09 RIVALがオンエアになります！これまでののほほんとした展開から…。今回もぜひお見逃し無くー！先行あらすじも公開中です！    #モノクローム","","","10","12","2"
"2013-11-23T02:33:52.000Z","text","12月17日より全国のアニメイトにてスタートする冬のAVまつりに、ミス・モノクロームがA4クリアファイルとなって登場！！
お立ち寄りの際には是非注目してみて下さい♪  #モノクローム","","","8","12","1"
"2013-11-20T04:09:05.000Z","text","そして公式HPでは次週#09 の先行あらすじも掲載中ですー！これまでの内容からはまた違った展開になっております。ぜひお楽しみに！ #モノクローム ","","","9","8","2"
"2013-11-20T04:01:45.000Z","text","昨夜の放送を見逃してしまった、もっと前に出たい方は配信で#08 をご覧下さいませー！こちらのアドレスで見ることができますよ。  #モノクローム","","","18","12","2"
"2013-11-19T15:04:02.000Z","text","この後は深夜1:35から#08 WINNERがオンエアですー！前回とは打って変わって熱い回になっていますよー！お楽しみに！ #モノクローム","","","6","9","4"
"2013-11-19T04:05:09.000Z","text","前回の放送を見逃してしまったよー！という方は配信でご覧になるという手もありますよー！野菜に囲まれるモノクロームをぜひご覧下さいませー。すくすくろーむすくすくろーむ…。 #モノクローム ","","","14","15","1"
"2013-11-19T04:00:55.000Z","text","本日の深夜1:35よりテレビ東京にて#08 WINNERがオンエアになります。サブタイトルのWINNERがどんな意味を持つかは本編をチェックしてくださいね。先行あらすじも公開中です！ #モノクローム ","","","7","14","1"
"2013-11-12T16:41:19.000Z","text","#07 PROPSの視聴ありがとうございました！「はたはたろーむ」や「すくすくろーむ」などいろんなフレーズが出てきましたがお気に入りのものはありましたか？？次回の先行あらすじが公式HPにて公開中です！  #モノクローム","","","8","11","3"
"2013-11-12T15:01:47.000Z","text","この後は深夜1:35よりテレビ東京にて#07 PROPSがオンエアになりますよー！みなさん視聴の用意はできていますか？今回のモノクロームは何をするのかお楽しみに！ #モノクローム","","","9","20","2"
"2013-11-12T06:59:00.000Z","text","深夜1:35からテレビ東京にて#07 PROPSがオンエアになります！クセになるフレーズが飛び出す回になりますのでぜひご覧下さいませー！ #モノクローム ","","","7","26","2"
"2013-11-06T03:37:38.000Z","text","昨日の放送を見逃してしまったー！という方は配信でご覧下さい！#06 JOBが現在公開中です！いろんな仕事に勤しむモノクロームの姿を是非ご覧下さいませ。  #モノクローム","","","8","4","2"
"2013-11-05T16:41:22.000Z","text","#06 JOBの視聴ありがとうございました！モノクロームの好物うなぎパイがまさかの登場でしたね…！来週の#07 の先取りあらすじが公式HPで公開中です！  次はいったい何が起こるのでしょうか?? #モノクローム","","","8","10","5"
"2013-11-05T15:01:31.000Z","text","この後、深夜1:35からテレビ東京にて#06 JOBがオンエアです！サブタイトルがJOBなだけにモノクロームがどんな仕事に挑戦していくのか注目ですよー！ #モノクローム","","","7","8","1"
"2013-11-05T05:01:13.000Z","text","本日の深夜1:35からテレビ東京にて#06 JOBがオンエアになります！公式HPにて本編の先取りあらすじが掲載されていますよー！  今週の放送はいろんなモノクロームが登場するので是非お見逃しなく！ #モノクローム","","","10","20","2"
"2013-11-02T01:01:40.000Z","text","今日から3連休がスタートですね！連休中はぜひミス・モノクローム#05 を配信でご覧下さいませー！ハロウィン気分?がもう一度楽しめるかもしれません…！  #モノクローム","","","8","3","1"
"2013-10-29T17:41:15.000Z","text","#05 HALLOWEENの視聴ありがとうございました！今回登場したpixivイラストコンテストの画像はこちらでもご覧頂けます。本編に劣らず可愛いイラストの数々をぜひご覧下さいませ。  #モノクローム","","","7","7","2"
"2013-10-29T15:02:37.000Z","text","この後は深夜1:35からテレビ東京にて#05 HALLOWEENがオンエアになります！pixivイラストコンテストの受賞作がどのような形で登場するのかも注目してご覧下さいー！ #モノクローム","","","3","11",""
"2013-10-29T05:05:32.000Z","text","先週の#04 を見逃した！という方は配信の方で前回のおさらいをすることができますよー！お時間のある際にぜひご覧下さいませ。  #モノクローム","","","8","7",""
"2013-10-29T05:01:13.000Z","text","本日深夜1:35からテレビ東京にて#05 HALLOWEENがオンエアになります！本編の内容をちょっとだけ先取りしたあらすじが現在公式HPにて公開中です。オンエアが待ちきれない方は是非チェックしてくださいね。  #モノクローム","","","11","17","1"
"2013-10-28T09:00:15.000Z","text","募集しておりましたpixivイラストコンテストの結果を発表しております！こちらのイラストは明日放送の#05 に登場致します！ぜひお楽しみに！  #モノクローム","","","12","12","2"
"2013-10-23T02:55:28.000Z","text","ねんどろいど化が決定したミス・モノクロームですが、その経緯?を表した#04 「METAMORPHOSE」が現在配信中です！人気者になるために四苦八苦するモノクロームをご覧下さいませ。  #モノクローム","","","21","55","3"
"2013-10-22T16:40:44.000Z","text","公式HPでも掲載されていますが、ミス・モノクロームのねんどろいどのイメージはこのようになっていますよー！  #モノクローム","","","19","78","3"
"2013-10-22T16:40:03.000Z","text","#04 の視聴ありがとうございました！本編でも登場したミス・モノクロームのねんどろいどですが……グッスマさんより発売が決定しておりますー！詳細は追ってご案内致しますので今しばらくお待ちください！  #モノクローム","","","38","223","9"
"2013-10-22T16:34:38.000Z","text","本編オンエア後はこちらのアカウントも見てみてくださいねー！ オンエアまでもうまもなく！ #モノクローム","","","6","12","2"
"2013-10-22T15:03:15.000Z","text","この後は深夜1:35より#04 「METAMORPHOSE」がオンエアになります！普段は録画派の人も今日はオンエアで本編を見るといいことがあるかもしれません…！ #モノクローム","","","6","22","3"
"2013-10-22T10:38:01.000Z","text","あと300ちょっと！！ RT : 4696フォロワーマデ アトスコシ！","","","6","5","1"
"2013-10-22T05:01:50.000Z","text","本日の深夜1:35より#04 「METAMORPHOSE」がオンエアになりますよー！詳しいあらすじは公式HPにてアップしておりますので気になる方はチェックしてくださいね。  #モノクローム","","","8","19","1"
"2013-10-16T03:06:48.000Z","text","昨夜の#03 の放送を見逃してしまった方はこちらの配信でお楽しみ頂く事ができますー！モノクロームの新能力!?を是非お見逃し無くー！！#01 の配信も行っていますよ。  #モノクローム","","","11","14","1"
"2013-10-15T15:02:09.000Z","text","この後はテレビ東京にて深夜1:35にて#03「VENGEANCE」がオンエアになります！先週とはまたひと味違った展開になりますよー！もうしばらくお待ちくださいませ。 #モノクローム","","","5","16","2"
"2013-10-15T09:05:48.000Z","text","本日は#03「VENGEANCE」がテレビ東京にて深夜1:35からオンエアになります！公式HPであらすじを公開していますが#03にて急展開の予感が…。放送をお楽しみに！ #モノクローム","","","7","20","1"
"2013-10-12T09:59:48.000Z","text","ちなみに第1話の配信も行っているので、初めてミス・モノクロームを見るという方も安心して見て頂けますー！  #モノクローム","","","2","16","1"
"2013-10-12T09:57:49.000Z","text","現在第2話が配信中ですー！3連休のお時間のある際に是非ご覧下さいませー！本編が4分なのでさくっと見れるはずです！  #モノクローム","","","4","22","1"
"2013-10-09T02:36:49.000Z","text","昨夜放送の第2話を見逃してしまったー！という方は配信でご覧ください！こちらのアドレスから第2話をお楽しみ頂けますよー！  #モノクローム","","","23","31","2"
"2013-10-08T16:40:40.000Z","text","第2話の視聴ありがとうございました！現在、公式HPではミス・モノクロームの応援バナーの配布をしております。あなたのサイトにモノクロームをもっと前に出してあげてくださいー！  #モノクローム","","","9","22",""
"2013-10-08T14:30:29.000Z","text","この後は深夜1:35から第2話「HEAVEN」がオンエアになります！モノクロームがアイドルとしてどんな仕事をするのか注目ですよー！ #モノクローム","","","7","27","2"
"2013-10-08T04:31:00.000Z","text","今日10/8の深夜1:35から第2話「HEAVEN」が放送開始ですよー！モノクロームと一緒に居るルーちゃんが活躍する回になります。お楽しみに！ #モノクローム","","","12","30","2"
"2013-10-01T16:44:44.000Z","text","見逃してしまったー！という方は配信でご覧頂けます！ニコニコチャンネルではもう第1話の配信が始まっておりますよ。  #モノクローム","","","20","66",""
"2013-10-01T16:41:56.000Z","text","第1話の視聴ありがとうございました！如何でしたでしょうか？？EDはフルCGで作られております！コンビニの店員になったモノクロームはこの後どうなってしまうのでしょうか？？第2話もどうぞお楽しみに！ #モノクローム","","","13","34","3"
"2013-10-01T11:00:31.000Z","text","いよいよ今夜深夜1:35よりテレビ東京にてオンエアスタートです！第1話から衝撃の展開が！？お楽しみー！ #モノクローム","","","26","117","1"
"2013-09-30T08:12:54.000Z","text","公式HPにてTVアニメの番宣PVが公開中です！一足早くアニメになったモノクーム達がご覧になれますよ！  #モノクーム","","","15","25","3"
"2013-09-30T02:07:01.000Z","text","ミス・モノクロームのTwitterも始まりましたよー！こちらもお願いします！ #モノクローム RT : アアアアア、ツイッター　ノ　テスト　チュウ。コレデ　イイノカナ？　ワタシ　キカイ　ナノニ　フナレ。","","","13","20","1"
"2013-09-30T01:17:08.000Z","text","TVアニメ「ミス・モノクローム -The Animation-」はいよいよ明日、10/1の深夜1時35分よりオンエアスタートになります！売れっ子アイドルを目指すミス・モノクロームをお楽しみに！ #モノクローム","","","11","23",""
"2013-09-30T01:16:58.000Z","text","こちらはミス・モノクロームSTAFFアカウントになります！ミス・モノクロームに関する情報を発信していきますのでチェックをお願い致します！ #モノクローム","","","10","30","2"