Date,Post Type,Content,Video Thumbnail,Image,Like,Retweet,Reply
2015-07-30T13:08:46.000Z,text,"ゆい：このページ、始まり方カッコ良い（笑）
 ",,,65,37,10
2015-07-30T13:07:20.000Z,text,"ゆい：ですです♪久々にぜひ見て下さい〜♪
 RT : Aice5(  )の公式サイトで、一問一答コーナーがはじまったよ！私にとっては懐かしいコーナーです。毎日更新なので覗いてみてね♪ ",,,59,33,5
2015-07-30T12:59:53.000Z,text,ゆい：今日も浴衣の人、よく見るな〜(*´∇｀*),,,80,33,28
2015-07-30T12:47:58.000Z,text,ブログを更新しました「夏休み記念♪その１１」 ,,,58,40,13
2015-07-30T12:29:49.000Z,text,"ゆい：あれ？暑くないんだっけ？
 RT : オハクローム。ミンナアツソウ。",,,51,22,7
2015-07-29T14:57:27.000Z,image,"ゆい：モノ！モノ！クローム！（笑） RT  ミス・モノクローム-The Animation-2配信媒体でも各所ご視聴頂けます！お見逃しの話数が有る方は是非ご覧下さいm(__)m
",,https://pbs.twimg.com/media/CLFe_u3UYAIIvpW?format=jpg&name=small,54,32,14
2015-07-29T12:54:58.000Z,text,ゆい：晩ごはんはラーメンでした♪(*´∇｀*)濃い味こってり〜♪,,,127,48,42
2015-07-29T05:28:06.000Z,text,ブログを更新しました「夏休み記念♪その１０」 ,,,55,37,17
2015-07-28T14:57:59.000Z,text,ブログを更新しました「夏休み記念♪その９」 ,,,59,41,23
2015-07-28T09:42:19.000Z,text,スタッフ：DMMゲームズ PC向け新作ゲーム「ダンジョンストライカー」にレナ役、カトリナ役でほっちゃんの出演が決定しました！事前登録受付中にゃ♪ ,,,42,42,3
2015-07-28T04:40:59.000Z,text,ゆい：はふ〜(*´∇｀*)ちょこっと休憩〜♪おやつにモナカを買ってみました♪今度こそ甘いモナカ！（笑）,,,98,38,34
2015-07-27T11:52:06.000Z,text,ブログを更新しました「夏休み記念♪その８」 ,,,49,39,14
2015-07-27T08:26:43.000Z,text,ゆい：まだ明るいのに月が大きく見える(((o(*ﾟ▽ﾟ*)o))),,,86,29,28
2015-07-26T13:58:51.000Z,text,ブログを更新しました「夏休み記念♪その７」 ,,,60,41,23
2015-07-26T12:15:06.000Z,text,ゆい：フチ子さんのガチャガチャをしたら、メガネフチ子さんが出ました♪やったー(*´∇｀*),,,93,44,31
2015-07-26T10:31:56.000Z,text,ゆい：おおう！(｀ﾛ´;) この時間でもとんでもなく暑いです！,,,84,38,40
2015-07-25T13:31:39.000Z,text,"ゆい：間違えても気にしないぞ(*´∇｀*)
街に浴衣女子がちらほら♪可愛い♪私はさっき買ったおにぎりを食べよう〜σ(^_^;)",,,129,53,30
2015-07-25T13:24:47.000Z,text,ゆい：え！すごい！ちあきちゃん自分で着られる？私、自分で浴衣出来ないんだ〜(´･_･`),,,137,50,22
2015-07-25T07:41:53.000Z,text,ブログを更新しました「夏休み記念♪その６」 ,,,65,39,14
2015-07-24T14:43:45.000Z,text,ゆい：かろうじて可愛いクマだった（笑）,,,75,26,19
2015-07-24T14:39:13.000Z,text,ゆい：今週もカオスね(｀ﾛ´;),,,68,26,10
2015-07-24T13:06:24.000Z,image,"ゆい：ぜひ〜♪私も楽しみにです♪
 RT : 本日はミス・モノクローム-The Animation-2第4話がTOKYO MXで23時00分より放送です‼︎是非、お楽しみ下さい*\(^o^)/*YO‼︎",,https://pbs.twimg.com/media/CKo--e7UEAAXJjM?format=jpg&name=small,53,40,5
2015-07-24T13:05:24.000Z,text,ゆい：せせせ、セミが道路に！！(｀ﾛ´;) 今年、セミ多くないですか…？,,,86,33,42
2015-07-24T12:56:04.000Z,text,ブログを更新しました「夏休み記念♪その５」 ,,,57,40,13
2015-07-23T14:35:11.000Z,text,ブログを更新しました「夏休み記念♪その４」 ,,,73,46,21
2015-07-23T08:15:28.000Z,text,"ゆい：また間違えた（笑）
 RT : ゆい：あはは（笑）チキンの報告（笑）",,,74,33,11
2015-07-23T08:14:23.000Z,text,ゆい：あはは（笑）チキンの報告（笑）,,,85,30,6
2015-07-23T04:40:11.000Z,image,"ゆい：おおー！今日から♪(*´∇｀*)ぜひよろしくお願いします♪私もコースター欲しい♪
 RT : ミンナ ルーチャン タベテミテー。キョウカラ。ミス・モノクロームのコラボメニューが登場(゜∀゜)♡
S☆Pにて、7月23日(木)～8月31日(月)まで！ルーちゃんが食べれますよー！
詳しくはこちら→ http://buff.ly/1JdluBo
#モノクローム #usat",,https://pbs.twimg.com/media/CKaN9DIWUAA2Nnv?format=jpg&name=small,53,33,5
2015-07-22T14:30:49.000Z,image,"ゆい：おお！ルーちゃんそっくり！
 RT ミス・モノクロームのコラボメニューが登場
S☆Pにて、7月23日(木)～8月31日(月)まで！ルーちゃんが食べれますよー！
詳しくはこちら→ ",,https://pbs.twimg.com/media/CKaN9DIWUAA2Nnv?format=jpg&name=small,72,47,8
2015-07-22T11:16:43.000Z,image,スタッフ：URイザナミ役でほっちゃん出演にゃう♪『蒼穹のスカイガレオン』最新カードパック第10弾「日本 開闢之刻 （かいびゃくのとき）」（シーズン１）スペシャルパッケージで配信開始！ http://gmodecorp.com/news/6068/ #蒼ガレ #スカガレ,,https://pbs.twimg.com/media/CKgsDIDUYAAx0Bh?format=png&name=small,35,22,2
2015-07-22T07:49:17.000Z,text,ブログを更新しました「夏休み記念♪その３」 ,,,64,47,12
2015-07-22T03:17:29.000Z,text,ゆい：わー！風で日傘がやられたー！(｀ﾛ´;) ９９．９９パーセント遮光の良いやつがぁー！,,,128,64,43
2015-07-21T12:45:08.000Z,text,ゆい：夜道の気温がちょうど良い(*´∇｀*),,,83,34,34
2015-07-21T12:34:10.000Z,text,ブログを更新しました「夏休み記念♪その２」 ,,,89,74,12
2015-07-21T03:25:08.000Z,text,ゆい：きたーーー！(((o(*ﾟ▽ﾟ*)o)))僕だけがいない街６巻！,,,78,31,22
2015-07-20T14:39:44.000Z,image,"ゆい：名古屋のみなさま、ありがとうございました♪
 RT : 2回目の番宣ポスター無料配布終了致しました！お越し頂いた皆さま有難うございましたm(__)mミス・モノクロームの応援宜しくお願い致します‼︎",,https://pbs.twimg.com/media/CKV3M67VEAAI747?format=jpg&name=small,76,33,6
2015-07-20T07:07:27.000Z,image,スタッフ：ポスター配布中にゃう〜♪ RT : 間も無くミス・モノクローム-The Animation-2番宣ポスター無料配布2回目を行います‼︎是非、お立ち寄り下さいーm(__)m,,https://pbs.twimg.com/media/CKVsJK7VAAAxUf-?format=jpg&name=small,32,20,2
2015-07-20T06:40:49.000Z,text,"ゆい：本当だね〜。赤の他人…青の他熊かな？σ(^_^;)
 RT : ナゼカナゴヤニ クマスターモイタ。
アノクマ アカノタニンナノニ テツダッテクレタ。",,,63,29,8
2015-07-20T06:39:52.000Z,text,"ゆい：おお！もうすぐ〜♪また頑張ってね〜(*´∇｀*)
 RT : ツギ16ジカラー。",,,46,21,2
2015-07-20T05:41:52.000Z,text,ブログを更新しました「夏休み記念♪その１」 ,,,77,70,14
2015-07-20T04:05:22.000Z,image,スタッフ：いってらっしゃいにゃヽ(*´∀｀)ﾉ RT : 今から行きます♪♪,,https://pbs.twimg.com/media/CKVFP_ZUYAAlxgG?format=jpg&name=small,43,29,1
2015-07-20T03:56:54.000Z,image,スタッフ：まもなくにゃ♪ RT : もう間も無くミス・モノクローム-The Animation-2の番宣ポスター無料配布会です‼︎今日は久々にクマスターも一緒です*\(^o^)/*,,https://pbs.twimg.com/media/CKVCu2EVEAEm0Hl?format=jpg&name=small,32,29,
2015-07-20T03:28:35.000Z,text,"ゆい：おお！もうすぐ！きてくださる皆様もお気をつけて下さいね〜！
 RT  宜しくお願い致しますm(__)m
番宣ポスター無料配布の1回目は13時からになります‼︎
場所はコチラです‼︎
オハクローム キョウハ ナゴヤニイクヨー。
（≧∇≦）",,,44,27,3
2015-07-20T03:27:27.000Z,text,"ゆい：覇王だけ漢字！！(｀ﾛ´;) 
 RT : ワタシコトシモ ユルキャラグランプリ
ニエントリーシタ。コトシコソ ユルキャラカイノ覇王ニナル。
",,,54,36,6
2015-07-20T03:26:55.000Z,text,"ゆい：おお！いってらっしゃいー(*´∇｀*)いろいろ頼んだよ〜♪あと、暑いから気をつけてね〜♪
 RT : オハクローム キョウハ ナゴヤニイクヨー。
（≧∇≦）",,,55,26,5
2015-07-19T04:53:37.000Z,text,"ゆい：あ！そうだよね！暑そうだけど、着ぐるみ頑張ってねー(*´∇｀*)
 RT : アシタハナゴヤニイクヨー",,,68,39,23
2015-07-18T11:46:26.000Z,text,ゆい：おなかすいたよー♪アイス食べたい♪(*´∇｀*)そう言えば、セブンティーンアイスって他人とは思えない（笑）,,,160,100,55
2015-07-18T06:05:08.000Z,text,おお！かんち！合ってるよ〜♪(*´∇｀*),,,108,61,9
2015-07-17T16:00:27.000Z,text,"ゆい：い、いないけど…(｀ﾛ´;)  RT : アイスニ シロトクロ ノ カラーノタントウ
イナイヨネ？",,,98,69,18
2015-07-17T14:05:12.000Z,text,ゆい：な、な、カバー？！(｀ﾛ´;),,,88,56,17
2015-07-17T14:02:35.000Z,text,ゆい：はじまってますー！(*´∇｀*)モノクローム♪,,,66,30,8
2015-07-17T13:54:06.000Z,text,"ゆい：おお！時かけの後にぜひ♪(*´∇｀*)

 RT : スタッフ：このあと23時から放送にゃ！皆さまこんにちはー！
本日はウルトラスーパーアニメタイム第3回の初回放送日です(o´罒`o)
TOKYO MXにて23：00から放送開始♡
今回もにやりとさせられる内容ばかりです！お楽しみに♪
#モノクローム #うーさー #wakaba_girl #usat",,,50,35,9
2015-07-17T13:40:39.000Z,text,"スタッフ：このあと23時から放送にゃ！皆さまこんにちはー！
本日はウルトラスーパーアニメタイム第3回の初回放送日です(o´罒`o)
TOKYO MXにて23：00から放送開始♡
今回もにやりとさせられる内容ばかりです！お楽しみに♪
#モノクローム #うーさー #wakaba_girl #usat",,,24,17,
2015-07-17T12:31:15.000Z,text,ゆい：るんるん♪(*´∇｀*),,,185,115,34
2015-07-17T06:53:37.000Z,text,ゆい：まだ風が強い(｀ﾛ´;) 気をつけなければ！,,,79,27,38
2015-07-16T16:04:18.000Z,text,"ゆい：ふー！なんだかんだいつもバタバタしてしまうのは何故なのだ(｀ﾛ´;)つい遊んでしまうからさ！
 それにしても今日はいろんなお仕事をさせてもらったな〜（笑）楽しかった♪",,,107,42,35
2015-07-16T06:26:30.000Z,text,"ゆい：おおー！予約ね、予約σ(^_^;)ありがとうございます〜♪
 RT : ヤッター！コレデイチマイウレター！@miss_monochro ミスモノクロームさんのアルバム予約しに来ました。アルバム楽しみにしてます！",,,50,19,8
2015-07-15T13:51:16.000Z,text,ゆい：せせせ、セミ？！(｀ﾛ´;),,,91,33,48
2015-07-15T13:24:25.000Z,text,ゆい：鉄板食べました〜(*´∇｀*)ぷは〜♪美味しかった♪,,,113,65,47
2015-07-14T15:57:38.000Z,image,スタッフ：やよいたん登場にゃ♪ RT : 第2話では新キャラクター紺野やよい（Cv.阿澄佳奈）が登場致しました‼︎今後の物語で欠かせない人物になりますので是非ご注目下さい♪,,https://pbs.twimg.com/media/CJ3rg2KUYAA4iM5?format=jpg&name=small,50,30,1
2015-07-14T15:57:08.000Z,image,スタッフ：コラボ…！！！ RT : ミス・モノクローム-The Animation-2と新劇場版頭文字Dのコラボレーション是非ご覧頂けたらですm(__)m,,https://pbs.twimg.com/media/CJ3qfj1UkAA7P7r?format=jpg&name=small,71,77,4
2015-07-14T15:52:00.000Z,text,"スタッフ：第2話配信スタートにゃ！ RT : 本日より各種配信サイトでもミス・モノクローム-The Animation-2の第2話が視聴出来るようになりました‼︎
配信情報はコチラをご覧下さいm(__)m
",,,25,16,2
2015-07-14T14:27:34.000Z,text,ゆい：タコワサ食べ比べ〜(*´∇｀*),,,90,37,37
2015-07-13T18:27:22.000Z,text,ゆい：ひとりファッションショーをしていたらこんな時間に…σ(^_^;)そしてテレビでやってる映画が少し怖い(｀ﾛ´;),,,116,50,34
2015-07-13T03:28:34.000Z,text,ゆい：あまりの暑さにサンダルはいてきましたσ(^_^;)今年初！,,,119,49,46
2015-07-12T05:09:07.000Z,text,ゆい：カフェラテソフト〜(*´∇｀*)うま♪,,,91,37,37
2015-07-11T12:09:00.000Z,text,ゆい：ふー(*´∇｀*)今日は朝から撮影しておりました♪暑かったな…,,,95,36,50
2015-07-11T04:22:22.000Z,text,"ゆい：オハクローム(*´∇｀*)
 RT : オハクローム！",,,66,28,15
2015-07-11T00:07:05.000Z,text,ゆい：むー眠いですな(｡-_-｡),,,91,42,45
2015-07-10T16:23:07.000Z,image,"ゆい：カオルコちゃん写ってる♪
 RT  【第2話 リストラの教室】
MBS…7/10（金）26:10
TBS…7/10（金）26:55
CBC…7/10（金）26:37
BS-TBS…7/11（土）24:00",,https://pbs.twimg.com/media/CJeqTzUUMAAKlsH?format=jpg&name=small,63,31,9
2015-07-10T15:10:38.000Z,image,"ゆい：本当に！すごいところとまさかのコラボ！！
 RT : ご視聴頂きました皆様有難うございましたm(__)mまさかのコラボでした☆*:.｡. o(≧▽≦)o .｡.:*☆",,https://pbs.twimg.com/media/CJjwlqIUcAMMtVu?format=jpg&name=small,100,80,18
2015-07-10T13:53:06.000Z,image,スタッフ：待機にゃう(o*´∇｀)o RT : 本日23時00分からTOKYO MXにてミス・モノクローム-The Animation-2放送ですー‼︎是非、ご覧下さいm(__)m,,https://pbs.twimg.com/media/CJi1evzUsAAqnXR?format=jpg&name=small,46,32,1
2015-07-03T09:28:56.000Z,image,"ゆい：そう言えば、雨って大丈夫なのかな？きぐるみ、外も中も…σ(^_^;)いらっしゃる方は気をつけて来て下さいねー♪

 RT : 本日です(^з^)-☆【配布会】「ミス・モノクローム-The Animation- 2」放送を記念して【番宣ポスター】無料配布会を実施ゲマ！！当日はミス・モノクローム（ゆるキャラ）も遊びに来るゲマ♪ http://goo.gl/BhtTci",,https://pbs.twimg.com/media/CI4TxlXUcAAGDuy?format=jpg&name=small,50,21,8
2015-07-03T09:27:19.000Z,text,"ゆい：たくさんの人に見てもらえるといいねぇ♪…その、で、伝説を…σ(^_^;)
 RT : キョウカラワタシノ デンセツダイニショウ
ガハジマル！",,,50,20,4
2015-07-03T09:25:37.000Z,image,"ゆい：あまりないツーショット写真です（笑）
 RT  いよいよ今夜TOKYO MXとAT-Xにてミス・モノクローム-The Animation-2放送です‼︎貴重なツーショットを公開です(((o(*ﾟ▽ﾟ*)o)))",,https://pbs.twimg.com/media/CI-nCUKUEAAWtrF?format=jpg&name=360x360,293,198,22
2015-07-03T09:22:54.000Z,image,"ゆい：カオルコちゃん可愛いですぞー(*´∇｀*)
 RT : クラスのメンバーも紹介するね♪写真はエンジン整備担当の2年生のアキちゃんとみんなのマスコット（？）の1年生のカオちゃん！ #クラクラ #CC",,https://pbs.twimg.com/media/CI6BwyyUkAAyWcq?format=jpg&name=small,44,31,11
2015-07-03T05:43:39.000Z,text,"スタッフ：モノクロームちゃん番宣ポスター無料配布！今日はAKIHABARAゲーマーズ本店さんにゃう♪当日はミス・モノクローム（ゆるキャラ）も遊びに来ます♪
お近くへお立ち寄りの際はぜひお越し下さいm(__)m

開催日時
2015年7月2日（木）19時開始
開催場所
アニメイト新宿

開催日時
2015年7月3日（金）19時開始
開催場所
AKIHABARAゲーマーズ本店店頭",,,22,19,3
2015-07-02T18:04:13.000Z,text,"ゆい：わー♪私も歌った事あります（笑）
 RT : atsukoさん！！！なんと！！！！モノクローム一挙放送見たーー！私も新宿の同じ場所で歌ってたよーー！！",,,60,37,5
2015-07-02T18:03:18.000Z,text,"ゆい：カッコ可愛いね〜ホタル(*´∇｀*)
 RT : ほぁぁぁぁぁぁぁ #aoharu_anime",,,56,28,6
2015-07-02T16:54:51.000Z,text,"ゆい：見てまーす(*´∇｀*)
 RT : そして「青春×機関銃」でっす(((o(*ﾟ▽ﾟ*)o)))
 #aoharu_anime",,,51,35,13
2015-07-02T16:47:10.000Z,text,"スタッフ：ミス・モノクローム-The Animation-一挙放送目が離せなかったにゃう！
ほっちゃん出演の青春×機関銃も放送スタート！こちらもぜひチェックしてくださいにゃヽ(*´∀｀)ﾉ",,,26,18,2
2015-07-02T15:46:21.000Z,text,"ゆい：おおー！(((o(*ﾟ▽ﾟ*)o)))
 RT : ミス・モノクローム -The Animation-一挙放送始まりましたー♪♪
番組URLはコチラです☆*:.｡. o(≧▽≦)o .｡.:*☆",,,38,20,2
2015-07-02T15:24:01.000Z,text,"スタッフ：もうすぐ一挙放送スタート！お見逃しなくにゃ！！ RT : この後は24時30分よりミス・モノクローム -The Animation-一挙放送になります‼︎
是非是非♪( ´▽｀)",,,24,19,2
2015-07-02T13:50:41.000Z,image,"ゆい：予習ですね♪
RT  この後は24時30分よりミス・モノクローム -The Animation-一挙放送になります‼︎
是非是非♪
 ",,"https://pbs.twimg.com/media/CI1fPhKUcAAt3lL?format=jpg&name=small,https://pbs.twimg.com/media/CI6WbRuUMAA7JTg?format=jpg&name=360x360",74,51,7
2015-07-02T13:47:38.000Z,text,ゆい：便箋より封筒のほうが好きです♪堀江由衣です（笑）,,,158,69,38
2015-07-02T12:11:57.000Z,image,"ゆい：あはは♪お疲れ様でした♪遊びに来て下さったみなさま、ありがとうございました♪(*´∇｀*)
 RT  本日は終了致しました‼︎お越し頂いた皆様有難うございましたm(__)m
明日はAKIHABARAゲーマーズ本店店頭になります♪",,https://pbs.twimg.com/media/CI57FdkVAAAnPlH?format=jpg&name=small,80,49,9
2015-07-02T11:16:46.000Z,image,"スタッフ：ぺこり！おつかれさまにゃう〜！ RT : 本日は終了致しました‼︎お越し頂いた皆様有難うございましたm(__)m
明日はAKIHABARAゲーマーズ本店店頭になります♪",,https://pbs.twimg.com/media/CI57FdkVAAAnPlH?format=jpg&name=small,37,29,7
2015-07-02T10:49:55.000Z,image,スタッフ：再開！モノクロームちゃんからポスター手渡しにゃ〜！ RT : 再開致しました‼︎20時00分までとなりますのでご了承下さいm(__)m,,https://pbs.twimg.com/media/CI501q-VEAErm20?format=jpg&name=small,51,39,3
2015-07-02T04:52:11.000Z,image,"ゆい：頑張ってますよ〜♪パワフルでとても可愛いです♪(*´∇｀*)
 RT : 学園コメディ「エリートジャック」6巻、堀江由衣主演のOVA付き特装版も ",,https://pbs.twimg.com/media/CI0r7UdUAAAtvot?format=jpg&name=small,85,44,7
2015-07-02T03:12:14.000Z,text,スタッフ：たくさんにゃう！今日はモノクロームちゃん番宣ポスター配布(*´∀`*)ファイトにゃ！サイキンハオシラセイッパイデウレシイナー。,,,29,15,5
2015-07-01T15:18:06.000Z,text,ゆい：炭酸でぷはぁしたいわー！(*´∇｀*)飲もうかな〜♪ヤクルトの炭酸割り♪,,,127,48,44
2015-06-30T16:28:00.000Z,text,ゆい：お豆腐にタコワサがめちゃめちゃ合う(((o(*ﾟ▽ﾟ*)o))),,,104,44,41
2015-06-30T14:26:23.000Z,text,"ゆい：ポスターこれね！(*´∇｀*)
 RT  当日はミス・モノクローム（ゆるキャラ）も遊びに来ます♪

開催日時
2015年7月2日（木）19時開始
開催場所
アニメイト新宿

開催日時
2015年7月3日（金）19時開始
開催場所
AKIHABARAゲーマーズ本店店頭",,,60,40,6
2015-06-30T14:25:20.000Z,text,"ゆい：７月番の中でも早いほうだね♪(*´∇｀*)ぜひ、見てくださいです〜♪
 RT : アサッテダゼー チョウアサッテダゼーミス・モノクローム -The Animation-第一期一挙放送は今週の木曜日です♪♪

ミス・モノクローム -The Animation-
全13話一挙放送
http://live.nicovideo.jp/watch/lv225268456…
7月2日（木）
開場　24時20分／開演　24時30分",,,56,26,12
2015-06-30T14:24:25.000Z,text,"ゆい：どこで…？ドキドキ…
 RT : ワタスゼーチョウワタスゼー7月3日（金）から放送の「ミス・モノクローム -The Animation- 2」＆7月2日（木）の「ミス・モノクローム -The Animation-」のニコニコ生放送の一挙放送を記念して「ミス・モノクローム -The Animation- 2」番宣ポスターの無料配布を実施！",,,60,24,3
2015-06-30T14:23:11.000Z,text,"ゆい：え？！だ、大丈夫なの？！(｀ﾛ´;) 経営はしてない…よね？σ(^_^;)
 RT : ショップケイエイ（≧∇≦）7月3日（金）の放送開始日にミス・モノクロームSHOPが開店致します！詳しくはミス・モノクローム公式ホームページをご覧下さいm(__)m
http://starchild.co.jp/special/miss_monochrome_anime_2/…",,,56,26,8
2015-06-30T13:16:47.000Z,text,スタッフ： ワシスタ楽しかったにゃう～！「ミス・モノクローム-The Animation- 2」放送も今週末から！楽しみにゃう～(*´ω`*),,,31,18,4
2015-06-30T12:24:53.000Z,text,"スタッフ：登場にゃー！！！いよいよこの後、ワシスタ〜意外とおもしろい番組〜に井上喜久子さんが登場です♪♪
http://live.nicovideo.jp/watch/lv224957398…",,,24,13,1
2015-06-30T11:08:49.000Z,image,スタッフ：放送スタートが近づいてますにゃ！ドキドキ…ポスターが完成していましたよヽ(・∀・)人(・∀・)ﾉ,,https://pbs.twimg.com/media/CIvQgy4UMAAhJNz?format=jpg&name=small,31,23,2
2015-06-30T11:07:18.000Z,image,スタッフ：にゃ(*ΦωΦ*)ﾉ先行画像も届きました(((o(*ﾟ▽ﾟ*)o))),,https://pbs.twimg.com/media/CIurM2CUcAA9ewa?format=jpg&name=small,45,23,3
2015-06-30T11:05:23.000Z,text,"スタッフ：あと１時間にゃ！わくわく！本日の21時からのニコニコ生放送、ワシスタ〜意外とおもしろい番組〜にKIKUKO役の井上喜久子さんが出演です‼︎
番組URLはコチラ♪
http://live.nicovideo.jp/watch/lv224957398…",,,22,14,2
2015-06-30T02:46:26.000Z,text,"スタッフ：本日放送！タイムシフト予約にゃう(｀・ω・´)b今日になりましたね！よろしくお願い致します(｀・ω・´)b
http://sp.live.nicovideo.jp/gate/lv224957398… https://x.com/monochro_staff/status/614406153489879040…",,,32,25,2
2015-06-29T13:36:29.000Z,text,ゆい：暑いような寒いようなと思っていたら、半袖の下にヒートテック着てました！間違えた！(｀ﾛ´;),,,124,70,55
2015-06-29T11:37:19.000Z,text,スタッフ：ファンクラブからのご案内です。会員期間が2015年3月31日までの会員のみなさまのご継続手続きは、明日6月30日までとなります！お手続き忘れはございませんかにゃ？！詳しくはこちらをご覧くださいにゃう～！ ,,,37,30,4
2015-06-28T03:37:41.000Z,text,"ゆい：爽やか意識(*´∇｀*)
 RT : 『KING SUPER LIVE 2015』公式グッズの通信販売が決定！
パンフレットとブロマイドはショートなほっちゃんの撮り下ろしですよ(゜∀゜)

#キンスパ",,,62,38,19
2015-06-27T11:19:10.000Z,text,"スタッフ：お見逃しなくにゃう！ RT : 『KING SUPER LIVE 2015』公式グッズの通信販売が決定！！
パンフレットとブロマイドはショートなほっちゃんの撮り下ろしですよ(゜∀゜)

#キンスパ",,,47,27,3
2015-06-27T10:33:36.000Z,text,ゆい：スズメと間違えるくらい大きな蛾が…(｀ﾛ´;) もう…あの道通れない…ドキドキ…,,,112,44,47
2015-06-27T10:19:24.000Z,text,ゆい：まだちょこっと明るい(*´∇｀*)楽しい♪,,,101,34,33
2015-06-26T17:00:18.000Z,text,ゆい：ぎゃー！炭酸飲んで寝よう！,,,96,37,40
2015-06-26T11:16:14.000Z,image,"ゆい：確かに可愛かった！
 RT  初の写真集「月刊ミス・モノクローム」も好評発売中ですー。まだ知らなかった方は是非この機会にm(__)m
Loppi・HMV独占販売品になります！
",,https://pbs.twimg.com/media/CIWbHi0UwAE1z6g?format=jpg&name=small,84,52,8
2015-06-21T16:34:02.000Z,text,"ゆい：う、うん…σ(^_^;) 
RT : キンスパ、、、、、アレ？",,,122,102,13
2015-06-21T15:57:33.000Z,text,"ゆい：最後みんなでGet along！(｀･ω･´)
 RT : 今日のセトリはヒカリ／Stay With Me／スクランブルでした！
さらにコラボはFor フルーツバスケット(((o(*ﾟ▽ﾟ*)o)))
#キンスパ",,,253,227,32
2015-06-21T15:00:42.000Z,text,"ゆい：良かったー！(*´∇｀*)キンスパ２日目も無事終わりましたっ♪一緒に歌って下さったみなさま、本当にありがとうございました♪劇団ほりえ心強かったです♪
わー♪",,,428,385,134
2015-06-21T07:09:46.000Z,text,ゆい：さてさて頑張りますか(｀･ω･´),,,169,89,44
2015-06-21T05:51:20.000Z,text,"スタッフ：開場しましたにゃう！！！ RT : キンスパ、開場中です〜(｀・ω・´)b
ステージサイド席の当日券も販売してるそうです！

#キンスパ",,,40,31,6
2015-06-21T03:55:28.000Z,text,"スタッフ：風邪をひかないように準備は万端にですにゃうー！ RT : 本日、キンスパ二日目です(=ﾟωﾟ)ﾉ
天気が悪くなってしまうのでしょうか？お気をつけてお越し下さい！
#キンスパ",,,55,43,5
2015-06-20T15:53:48.000Z,text,"ゆい：さてさて、そろそろ寝ようかな♪明日のキンスパ来てくださるみなさま、気をつけて来て下さいね〜♪(*´∇｀*)
今日はゾロみたいにならないように気をつけて寝よう…",,,182,131,61
2015-06-20T12:48:32.000Z,text,ゆい：キンスパ初日無事終わりましたー！わー♪(*´∇｀*)盛り上がって下さった劇団ほりえのみなさま、ありがとうございました♪,,,396,452,105
2015-06-20T04:22:34.000Z,text,"スタッフ：キンスパにゃ！お天気も良い感じですにゃう〜！ RT : 本日はキンスパです！！
劇団堀江の皆さん、よろしくお願い致します〜！
早寝、早起きできてない(｀ﾛ´;)
#キンスパ",,,85,78,6
2015-06-20T00:08:02.000Z,text,"ゆい：わー♪おはよう♪(*´∇｀*)今日から２日間よろしく〜♪後で探しに行くね〜♪
 RT :  明日よろしくお願いします( ´ ▽ ` )！！",,,110,75,8
2015-06-20T00:06:31.000Z,text,ゆい：ちゃんと起きれたけど、今日の私、ゾロに似てる気がする…！,,,145,122,50
2015-06-19T16:42:10.000Z,text,ゆい：早く寝なきゃ！寝坊しちゃう！(｀ﾛ´;),,,144,85,51
2015-06-19T14:00:55.000Z,text,ゆい：明日からキンスパですね！来られる方は気をつけて来て下さいね〜(*´∇｀*),,,201,230,66
2015-06-19T10:51:44.000Z,text,ゆい：あ…炭酸違いねσ(^_^;)炭酸じゃなく、単三… RT : シゴトオワリノ タンサン プハアアアシタイ,,,73,45,8
2015-06-18T11:18:41.000Z,text,ゆい：あら！もうすぐじゃないですか！(｀ﾛ´;),,,87,36,51
2015-06-17T13:00:13.000Z,text,ゆい：しまった！布の靴で来てしまった…(｀ﾛ´;) 最弱の装備だ…,,,114,55,48
2015-06-16T17:18:40.000Z,text,ゆい：ヤクルトの炭酸割りをぷはぁ♪(*´∇｀*),,,104,49,28
2015-06-16T17:18:05.000Z,text,ゆい：おお…(｀ﾛ´;) 今日はしょうがない！（笑）,,,77,27,17
2015-06-15T14:57:46.000Z,text,ゆい：やっと早寝が出来る…(*´∇｀*),,,104,36,62
2015-06-15T03:22:09.000Z,text,ゆい：おお！良かった！ここにいたのかケータイよ！(｀ﾛ´;) こんなカバンの奥深くに…！,,,117,54,43
2015-06-14T08:14:22.000Z,text,ゆい：今日は贅沢！ケンタを頂きます！(｀ﾛ´;),,,132,56,53
2015-06-13T17:11:17.000Z,text,ゆい：おお！ひとりファッションショーをしていたら、またこんな時間に！(｀ﾛ´;) 夏服を整理していました♪,,,101,39,48
2015-06-12T13:51:50.000Z,text,"ゆい：おお！いっぱいしゃべりました（笑）(*´∇｀*)
 RT : 【ラジオ】Ｋ ｏｆ Ｒａｄｉｏ 第4回「だからポイントカード(のポイント)が貯まらないです（by堀江） 」 ",,,65,29,17
2015-06-12T10:19:39.000Z,text,ゆい：さっき、太陽は出ているのに雨が降っていました！狐の嫁入りがジューンブライド（笑）,,,122,53,30
2015-06-11T16:19:56.000Z,text,ゆい：おお！初さくらんぼ♪うま(*´∇｀*),,,93,33,31
2015-06-11T06:25:09.000Z,text,ゆい：ムシムシしている気がする…あ、暑い…いや！乾燥しているよりはいい！ハズ！(｀ﾛ´;),,,84,32,37
2015-06-11T06:24:09.000Z,text,ゆい：なんだかバタバタしてきたぞσ(^_^;),,,76,28,28
2015-06-10T17:34:19.000Z,text,ゆい：はっ！しまった！ゲームしちゃってました！（笑）,,,111,35,53
2015-06-10T09:49:25.000Z,text,スタッフ：「ひみつ文書File.85」では、黒ネコ集会の模様を特集♪そして、公式HPの会員限定ページ「Special Movie」へ、黒ネコ集会後のほっちゃんからのコメント映像を公開いたしました！ぜひご覧ください♪  ,,,53,34,7
2015-06-10T09:48:42.000Z,text,スタッフ：「ひみつ文書File.85」を、本日6/10に発送いたしました！ 黒ネコ同盟員の方は、発送日から一週間経ってもお手元に届かない場合は再発送いたしますのでご連絡下さい。※HPからのYUI4応募は、～6/26 15：00までです♪,,,44,26,2
2015-06-09T16:02:05.000Z,text,ゆい：はーわーわーわー！し、締め切りが…怖い！(｀ﾛ´;),,,102,30,45
2015-06-08T14:53:43.000Z,text,ゆい：おお！少し眠いぞ！この眠気を早寝早起きに利用しなくては！(｀ﾛ´;),,,111,37,55
2015-06-07T11:37:19.000Z,text,ゆい：ぜぇ…ぜぇ…私のことは気にせず、みんなは家の掃除を…して…くれ…(｀ﾛ´;),,,171,100,67
2015-06-06T03:21:43.000Z,text,ゆい：日差しは強いけど風は爽やか〜(*´∇｀*)良いですな♪非常に良いですな♪(｀･ω･´),,,102,43,46
2015-06-05T15:20:45.000Z,text,ゆい：焼肉食べたぞー(｀ﾛ´;) うおおおー！,,,112,59,51
2015-06-05T02:55:00.000Z,text,スタッフ：ほっちゃん出演情報です♪スマートフォンアプリ「DivinaCute(ディビーナキュート)」にタマモノマエ役でほっちゃんの出演が決定しましたにゃう！ ,,,39,34,6
2015-06-04T13:03:37.000Z,image,"ゆい：可愛いのだー(*´∇｀*)
 ケイオスドラゴン 混沌戦争【 各国紹介 その3】
国名『ムルルー』
首長『ククル』CV:堀江由衣
　　『ウルウル』CV:野川さくら　

#混沌戦争",,https://pbs.twimg.com/media/CGj8N-BUAAA7jU9?format=png&name=small,73,62,24
2015-06-04T12:33:35.000Z,text,ゆい：はふー！今日はいっぱいしゃべったぞー！(｀ﾛ´;),,,92,41,49
2015-06-03T14:46:27.000Z,text,ゆい：なんだか蒸し暑くなってきたぞ…( ｰ̀ωｰ́ )毎年こんなだったっけ？,,,97,42,50
2015-06-01T13:46:34.000Z,text,ゆい：ひとつのサンドイッチをゆっくり食べたけど、おなかすいたな…( ｰ̀ωｰ́ ),,,96,35,36
2015-06-01T09:05:25.000Z,text,スタッフ：7/1発売「エリートジャック！！ 」6巻特装版に付くDVDへ、ちゃお本誌付録DVDに収録されていたオリジナルアニメ「エリートジャック！！」全3話が収録にゃ！ほっちゃんが相川ユリア役で出演していますにゃう～♪ ,,,47,31,4
2015-05-31T18:02:49.000Z,text,ゆい：つい、熱中してしまったわ…,,,85,32,29
2015-05-31T18:01:51.000Z,text,ゆい：うおう！本を読んでいたらこんな時間！(｀ﾛ´;) びびビックリした！,,,99,35,24
2015-05-30T03:59:45.000Z,text,ゆい：あまりの暑さにアイスを食べました〜(*´∇｀*),,,111,44,52
2015-05-29T14:39:03.000Z,text,"ゆい：はわわわ！よろしくお願いします
 RT  スタッフ：ほっちゃん出演情報です♪スマートフォンアプリ「ケイオスドラゴン 混沌戦争」にククル＝ナヌック・クラルラック役でほっちゃんの出演が決定しましたにゃう！ただいま事前登録受付中にゃ！ ",,,65,42,21
2015-05-29T09:31:45.000Z,text,スタッフ：ほっちゃん出演情報です♪スマートフォンアプリ「ケイオスドラゴン 混沌戦争」にククル＝ナヌック・クラルラック役でほっちゃんの出演が決定しましたにゃう！ただいま事前登録受付中にゃ！！ ,,,40,38,4
2015-05-28T18:24:57.000Z,text,ゆい：わー！ひとりファッションショーしていたらこんな時間！！(｀ﾛ´;),,,99,50,37
2015-05-28T05:46:02.000Z,text,ゆい：ぬぬ…筋肉痛…(｀ﾛ´;),,,97,36,49
2015-05-27T07:28:34.000Z,text,ゆい：か、階段が…キツイ…(｀ﾛ´;),,,120,52,57
2015-05-25T15:19:14.000Z,text,ゆい：みなさま、おやすみなさい(-_-)zzz,,,110,46,68
2015-05-25T15:10:32.000Z,text,ゆい：…も、もう、寝よう…今日は早寝が出来そうだ…,,,119,74,31
2015-05-25T15:09:50.000Z,text,ゆい：きゃー！う、うっちーが！,,,135,131,17
2015-05-25T15:07:32.000Z,text,"ゆい：いぇーい♪
 RT スタッフ：4/29開催「黒ネコ集会Vol.14」物販グッズがオフィシャル通販サイトにてお買い求めいただけるようになりましたにゃ！卒業記念リボンストラップ・ポスター・クリアファイルセットほか販売中ですにゃう♪ ",,,63,39,7
2015-05-25T13:42:42.000Z,text,ゆい：レンジでハーブティーを作るぞ(｀ﾛ´;),,,102,41,49
2015-05-25T09:21:43.000Z,text,スタッフ：4/29開催「黒ネコ集会Vol.14」物販グッズがオフィシャル通販サイトにてお買い求めいただけるようになりましたにゃ！卒業記念リボンストラップ・ポスター・クリアファイルセットほか販売中ですにゃう♪ ,,,62,60,4
2015-05-24T15:50:11.000Z,text,ゆい：さささ寒っ！夜はまだ冷えますなぁ(>_<),,,88,39,46
2015-05-24T08:36:50.000Z,text,ゆい：久しぶりにカニクリームコロッケ食べたわぁ(*´∇｀*),,,109,49,39
2015-05-23T16:51:08.000Z,text,ゆい：わかったぞ！ (｀･ω･´)この時間からゲームを始めるから遅寝になってしまうのだな！,,,147,77,71
2015-05-23T05:11:55.000Z,text,ゆい：ミルクティーが飲み終わらない〜(>_<),,,97,40,39
2015-05-22T15:21:17.000Z,text,ゆい：ん？乾燥してるのかな？,,,78,31,27
2015-05-21T18:22:51.000Z,text,ゆい：早寝早起き、する気はあるんですぅぅー！！(｀ﾛ´;),,,153,60,56
2015-05-21T12:25:23.000Z,text,ゆい：今日は野菜をちゃんと食べたぞ♪(*´∇｀*),,,113,48,53
2015-05-21T06:33:09.000Z,text,ゆい：ひぇー！バタバタやー！(｀ﾛ´;),,,78,30,37
2015-05-20T10:24:38.000Z,text,ゆい：ラーメンうまー(((o(*ﾟ▽ﾟ*)o))),,,116,52,47
2015-05-19T17:44:03.000Z,text,ゆい：いっぽん！,,,80,26,27
2015-05-19T17:43:22.000Z,text,ゆい：わー！こんな時間ー！(｀ﾛ´;) 私の…早寝…早起きが…っ！,,,103,30,27
2015-05-18T14:27:53.000Z,text,ゆい：さてさて、明日の準備〜♪(*´∇｀*),,,77,28,26
2015-05-17T12:24:19.000Z,text,ゆい：フロニャ祭無事終了しました♪来て下さったみなさま、ありがとうございました♪(*´∇｀*)白熱しましたね！,,,156,132,77
2015-05-17T06:31:30.000Z,text,スタッフ：今日は「フロニャ祭 2015」ですにゃ！今回のフロニャ祭もワクワクですにゃう〜(*´∇｀*)！！,,,72,66,18
2015-05-16T14:50:10.000Z,text,ゆい：おお！明日のDOG DAYSイベント前まで「Stay With Me」がこむちゃに♪ありがとうございます♪(*´∇｀*),,,112,59,25
2015-05-16T13:23:04.000Z,text,ブログを更新しました「フェアリーテイル♪竜王祭♪」 ,,,100,96,21
2015-05-16T12:24:34.000Z,text,ゆい：フェアリーテイルのイベント無事終わりましたー！来て下さったみなさま、ありがとうございました♪(*´∇｀*)シャルルイメージで白いワンピースに髪を耳みたいにしてみましたよ♪むふふ♪,,,132,88,49
2015-05-16T08:54:59.000Z,text,ゆい：楽しいイベントになりますように♪(*´∇｀*),,,78,37,20
2015-05-16T08:48:59.000Z,text,スタッフ：FAIRY TAIL 竜王祭2015！ほっちゃんの準備も進んでおりますにゃ〜♪開場までもう少しにゃ！！,,,47,26,4
2015-05-16T06:43:22.000Z,text,ゆい：準備中〜♪(*´∇｀*),,,82,37,15
2015-05-16T06:42:57.000Z,text,ゆい：フェアリーテイルのイベント、中学生っぽい私服で待機！(｀･ω･´),,,139,86,31
2015-05-15T14:01:39.000Z,text,ゆい：スマホの地図の見方がいまだによくわからない…でも今さらわからないとも言いづらい…( ｰ̀ωｰ́ ),,,123,55,55
2015-05-15T05:34:28.000Z,text,ゆい：５月ってなんだか過ごしやすい♪(*´∇｀*)さて、明日はフェアリーテイルのイベントです！私は夜の部に参加させていただきます〜♪来られる方はよろしくお願いします〜♪,,,97,49,37
2015-05-14T06:44:23.000Z,text,ゆい：よし！上手く移動が出来そうだぞ(｀･ω･´),,,76,26,35
2015-05-13T15:31:17.000Z,text,ゆい：昨日よりも服が中学生っぽく！(｀ﾛ´;) ひざが出てますからー！,,,151,61,49
2015-05-12T12:37:38.000Z,text,ゆい：わーい♪ RT : スタッフ：ほっちゃん雑誌掲載情報です！5/9発売「声優アニメディア 6月号」掲載の野中藍さん連載『アイぽんのお取り寄せ100選』にほっちゃんが特別ゲストとして登場していますにゃう♪,,,57,29,11
2015-05-12T12:03:34.000Z,text,ゆい：こちらも雨が降ってきました！転ばないように注意しよう！みなさまお気をつけて〜！,,,103,52,39
2015-05-12T11:55:46.000Z,text,ゆい：はい(*´∇｀*) RT : スタッフ：「FAIRY TAIL ギルド de ラジオ」第4回にウェンディ役の佐藤聡美さんと一緒にほっちゃんが出演中です！ぜひチェックしてくださいにゃう♪ ,,,55,28,6
2015-05-12T07:06:13.000Z,text,スタッフ：ほっちゃん雑誌掲載情報です！5/9発売「声優アニメディア 6月号」掲載の野中藍さん連載『アイぽんのお取り寄せ100選』にほっちゃんが特別ゲストとして登場していますにゃう♪ ,,,49,33,
2015-05-12T04:50:31.000Z,text,スタッフ：「FAIRY TAIL ギルド de ラジオ」第4回にウェンディ役の佐藤聡美さんと一緒にほっちゃんが出演中です！ぜひチェックしてくださいにゃう♪ ,,,50,40,1
2015-05-12T04:00:10.000Z,text,ゆい：今日も中学生みたいな服で来てしまった…(｀ﾛ´;),,,172,90,51
2015-05-11T14:23:01.000Z,text,ゆい：うわー変な時間にお腹が空いてきたぞ…( ｰ̀ωｰ́ ),,,112,36,55
2015-05-10T14:25:18.000Z,text,ゆい：今日は夜更かしする！…って思ったら逆に早寝早起き出来るかな？σ(^_^;),,,101,36,63
2015-05-09T16:45:55.000Z,text,ゆい：ひとりファッションショーしてたらこんな時間に！早寝早起き…(｀ﾛ´;),,,118,36,39
2015-05-09T16:44:59.000Z,text,ゆい：「Stay With Me」なだけにステイしているらしい（笑）すごい（笑）ありがとうございます♪,,,101,30,15
2015-05-08T14:58:04.000Z,text,ゆい：今日こそは！早寝早起き！( ｰ̀ωｰ́ ),,,117,44,53
2015-05-08T03:45:55.000Z,text,ゆい：ぽかぽか〜♪ぽかぽ……あ、暑い( ｰ̀ωｰ́ ;),,,127,67,55
2015-05-07T13:19:28.000Z,text,ゆい：最近は野菜を食べるようにしています♪(*´∇｀*)しあわせバターを食べるために！！,,,131,57,51
2015-05-06T08:38:10.000Z,text,ゆい：おおー！ギター録りを見学♪(*´∇｀*),,,93,32,31
2015-05-05T17:20:59.000Z,text,ゆい：こ、こんな時間だわ！早寝早起きが！！(｀ﾛ´;),,,103,40,39
2015-05-05T17:20:18.000Z,text,ゆい：おお！(｀ﾛ´;)  RT : (*^◯^*)(*^◯^*)(*^◯^*)急遽決定！堀江由衣をめぐる冒険Ⅴ〜狙われた学園祭〜の映像公開！ https://x.com/washi_sta/status/595531651490295809…,,,73,36,2
2015-05-04T17:20:00.000Z,text,ゆい：今日の月は明るい！とにかく明るかった！(*´∇｀*),,,103,39,38
2015-05-04T07:25:26.000Z,text,ゆい：ぬぬ！この部屋の中、暑いぞ…( ｰ̀ωｰ́ ),,,95,40,46
2015-05-03T15:05:43.000Z,text,ゆい：今日は早めに寝るぞ！(｀･ω･´),,,110,41,65
2015-05-03T12:10:44.000Z,text,ゆい：おお！月がきれい♪(((o(*ﾟ▽ﾟ*)o))),,,116,44,44
2015-05-02T15:11:49.000Z,text,ゆい：月がつやつやできれいだ〜(*´∇｀*)こむちゃ、ありがとうございます♪粘りの「Stay With Me」（笑）,,,122,42,32
2015-05-02T03:35:50.000Z,text,ゆい：え？え？私、１７歳です(*´∇｀*),,,361,345,76
2015-05-01T06:22:42.000Z,text,"ゆい：おお！その割にそんなには仲良くないですね（笑）普通。いい意味で（笑）
 RT : でも一番長いレギュラーは
12年半の堀江由衣の天使のたまご。",,,109,54,9
2015-05-01T06:20:43.000Z,image,ゆい：な、なんか怖い…（笑） RT : ステージに向かうミス・モノクローム。。。,,https://pbs.twimg.com/media/CDwXtX0UEAAGpYA?format=jpg&name=small,98,50,16
2015-04-30T10:36:03.000Z,text,スタッフ：ほっちゃん出演情報！「モンスターハンター フロンティアG」にてハンターボイスを声優ボイスに変更できる「豪華声優ボイスでMHF-Gをはじめよう！」キャンペーンが開催♪ほっちゃんもハンターボイス出演をしていますにゃ！ ,,,55,72,3
2015-04-30T09:02:06.000Z,text,ゆい：６時なのに明るい(*´∇｀*),,,101,43,39
2015-04-29T16:05:15.000Z,image,"ゆい：ありがとうございました(*´∇｀*)いい写真♪
 RT : 堀江さんのファンクラブイベント。
今回は青クマ学園の教師＆mcとして参加させて頂きました。",,https://pbs.twimg.com/media/CDwSuKvVIAAj2gg?format=jpg&name=small,203,99,16
2015-04-29T12:25:58.000Z,text,ゆい：今日の卒業式、無事終了しました♪来て下さった卒業生のみなさま、おめでとうございます♪そしてありがとうございました♪(*´∇｀*)天たまやTwitterに感想お待ちしています♪,,,189,147,100
2015-04-29T12:24:00.000Z,text,"ゆい：あ、電池がね…σ(^_^;)いろいろあってね…
 RT : ホッチャンノファンクラブイベントニデタハズナノニ、ナゼカ アマリキオクガナイ。",,,99,57,8
2015-04-29T06:57:53.000Z,image,スタッフ：もうすぐ開場！卒業式がはじまります…！アカデミックガウンタオルは、制服Tシャツの上に羽織るとこんな風になりますにゃ♪,,https://pbs.twimg.com/media/CDvaqv2VIAEd2iM?format=jpg&name=small,110,96,9
2015-04-29T01:42:42.000Z,text,ゆい：今日は卒業式♪これから準備です♪(*´∇｀*),,,119,90,48
2015-04-28T11:39:24.000Z,text,ゆい：明日はいよいよ、３年の先輩たちの卒業式かぁ(*´∇｀*)気をつけて行かなきゃ♪,,,122,88,48
2015-04-28T09:34:47.000Z,text,"スタッフ：卒業式にてエコ女ダンス部によるダンスが披露されることが決定いたしましたにゃ！ダンス部の活動はエコ女HPでチェックですにゃう♪
",,,62,58,5
2015-04-27T17:12:48.000Z,text,ゆい：ぬおおおー！イングラム(*´∇｀*),,,90,42,29
2015-04-27T11:21:54.000Z,text,スタッフ：4月29日開催の黒ネコ集会グッズ情報を黒ネコ同盟HPへ公開いたしましたにゃう♪卒業式の記念にぜひチェックしてみてくださいにゃ！  ,,,82,97,11
2015-04-27T05:33:06.000Z,text,ゆい：集会こと卒業式がもうすぐですね〜(*´∇｀*)お天気になりますように♪,,,114,53,27
2015-04-26T15:09:08.000Z,text,スタッフ：エコ女・青学合同卒業式が近づいておりますにゃ！青学校歌を聞きながら、学校生活の思い出を振り返ってみたりにゃう(´・ω・｀) ,,,64,48,5
2015-04-26T10:51:34.000Z,text,ゆい：今、お片付けしている服も全部ポケット見よう！(｀ﾛ´;),,,106,55,39
2015-04-26T10:50:30.000Z,text,ゆい：すごい！デニムジャケットのポケットから2006年の領収書と２千円が出てきました！何回か洗濯してるのに！！（笑）,,,183,163,46
2015-04-26T00:08:02.000Z,text,ゆい：朝ですよー♪(*´∇｀*),,,106,46,69
2015-04-25T15:22:09.000Z,text,ゆい：おおー♪やったー♪(*´∇｀*)まだまだ頑張っている！嬉しい〜♪,,,84,28,18
2015-04-25T14:48:07.000Z,text,ゆい：おお！「Stay With Me」頑張れー！(｀ﾛ´;),,,97,41,21
2015-04-25T02:35:02.000Z,text,ゆい：お友達とランチをするので、朝ごはんを食べてきませんでした…お店までもつだろうか…(｀ﾛ´;),,,106,40,47
2015-04-24T12:29:42.000Z,text,ゆい：やばい！寄生獣見たい(>_<),,,112,44,27
2015-04-23T12:44:32.000Z,text,ゆい：ら、ラーメンを…私…に…(｀ﾛ´;) _,,,138,58,67
2015-04-23T06:18:56.000Z,text,ゆい：アイスミルクティーを飲みながらほのぼの移動〜♪(*´∇｀*)お天気良い♪,,,83,31,28
2015-04-22T04:30:50.000Z,text,ゆい：グランデ頼んじゃったよ(｀･ω･´)気合い入れていくぜー！,,,93,27,37
2015-04-21T12:18:39.000Z,text,ゆい：デザートはグレープフルーツ♪(*´∇｀*),,,88,33,41
2015-04-21T11:31:34.000Z,text,スタッフ：大変お待たせいたしました！「黒ネコ同盟ひみつ文書File.84」を、本日4/21に発送いたしました！ 黒ネコ同盟員の方は、発送日から一週間経ってもお手元に届かない場合は再発送いたしますのでご連絡下さい。※HPからのYUI4応募は、5/8 15:00までです♪,,,54,38,4
2015-04-20T16:55:11.000Z,text,ゆい：ぎゃー！寝なきゃー(｀ﾛ´;),,,93,30,44
2015-04-20T06:56:32.000Z,text,ゆい：ふ〜(*´∇｀*)一段落♪ん？なんか私、お花畑みたいな服着てる…,,,97,35,46
2015-04-20T02:33:34.000Z,text,スタッフ：ゲーム出演情報にゃう♪Nintendo 3DSゲーム「STELLA GLOW」にマリー役でほっちゃんの出演が決定しましたにゃう！ ,,,46,29,4
2015-04-19T12:23:16.000Z,text,ゆい：あれ？何つぶこうとしたんだっけ？んん？,,,108,50,58
2015-04-19T09:31:54.000Z,text,ゆい：はふー♪(*´∇｀*)荷物取りに行って、今日のミッションは完了だぞ(｀･ω･´),,,77,23,36
2015-04-18T15:47:26.000Z,text,ゆい：わー♪こむちゃがランクアップするなんて！全く思っていなかったです！リクエストして下さったみなさまありがとうございます♪(*´∇｀*)こむちゃっちゃー♪さあ！明日の準備はなんとなく出来たぞ( ｰ̀ωｰ́ )むふ♪,,,94,37,33
2015-04-17T12:34:53.000Z,text,ゆい：私も頑張らねばー！(｀ﾛ´;),,,89,34,56
2015-04-17T08:52:01.000Z,text,ゆい：かかか雷なっていた説が(｀ﾛ´;),,,76,44,37
2015-04-16T16:48:42.000Z,text,ゆい：明日は早起きするぞ！(｀ﾛ´;) 早起き組のみなさん！がんばりましょー！,,,104,39,50
2015-04-16T07:08:47.000Z,text,ゆい：プリン食べました！美味しいやつ！ (º﹃º｀),,,108,39,62
2015-04-15T14:56:40.000Z,text,ゆい：さて、ちょこっと片付けて寝よう♪(*´∇｀*),,,88,22,60
2015-04-15T05:36:40.000Z,text,ゆい：うららか〜(*´∇｀*)春っぽい♪,,,90,37,49
2015-04-14T04:52:37.000Z,text,ゆい：コーヒー美味(*´∇｀*),,,90,36,47
2015-04-13T04:52:08.000Z,text,ゆい：はぁー(*´∇｀ ;)寝坊したけど何とかなった…かな？結果楽しかったー♪,,,89,36,42
2015-04-13T00:44:49.000Z,text,ゆい：はわわわわ((((；ﾟДﾟ))))))),,,91,36,41
2015-04-12T14:48:29.000Z,text,ゆい：黒糖きなこパフのチョコレート♪もはや何の味って思いましたけど、すごく美味しかったでーす♪ (º﹃º｀),,,104,45,37
2015-04-11T15:03:08.000Z,text,ゆい：おお！こむちゃ！ありがとうございます〜♪アニメはオンエア終わっちゃいましたけど（笑）頑張れ！「Stay With Me」（笑）,,,82,41,27
2015-04-11T14:25:39.000Z,text,ゆい：今日のイチゴはみずみずしいね！ (º﹃º｀),,,95,33,29
2015-04-10T11:26:25.000Z,text,ゆい：雨ですが、傘もってますからー！(｀ﾛ´;),,,88,35,46
2015-04-09T13:44:46.000Z,text,"ゆい：はやすぎる！？(｀ﾛ´;) 
 RT : え、もう一ヶ月経ったの(｀ﾛ´;)",,,60,24,28
2015-04-09T13:44:16.000Z,image,"ゆい：ルーちゃんもいます（笑）
 RT : LINEスタンプ好評発売中ですー。
是非使って下さいm(__)m
",,https://pbs.twimg.com/media/CCIUshTVIAEvStB?format=jpg&name=small,84,75,9
2015-04-09T06:17:13.000Z,text,"スタッフ：学園祭の思い出にゃう～(〃ω〃) RT : 本日発売の「Pick up Voice SPECIAL」にめぐる冒険Ⅴのレポートと写真が掲載されています！
ぜひチェックしてください(((o(*ﾟ▽ﾟ*)o)))",,,50,31,5
2015-04-08T15:20:54.000Z,text,ゆい：今日は早めに…寝る…の…だ…(｡-_-｡),,,83,33,65
2015-04-08T08:28:51.000Z,text,"ゆい：う、うん…何話すんだろうσ(^_^;)
 RT : イナイ コウカンスル？ゆい：LINEしてる人いるの？？
 RT @miss_monochro: スタンプスタンプ 
ダレニ ツカオウカナ？",,,63,36,17
2015-04-08T06:27:52.000Z,text,"ゆい：LINEしてる人いるの？？
 RT : スタンプスタンプ 
ダレニ ツカオウカナ？",,,74,31,16
2015-04-07T17:34:41.000Z,text,ゆい：こんな時間だー！ガッと寝る！ガッと！(｀ﾛ´;),,,90,49,48
2015-04-07T04:59:15.000Z,image,"スタッフ：オフィシャルグッズ通販サイトにて「スクールカレンダー2015」がご購入いただけるようになりました！
4月がスタート！お風呂にカレンダーにゃう♪
",,https://pbs.twimg.com/media/CB9siSpUsAA1r_M?format=jpg&name=small,76,56,5
2015-04-07T04:54:18.000Z,text,"スタッフ：「堀江由衣をめぐる冒険Ⅴ～狙われた学園祭～」学校指定用品の一部を「堀江由衣オフィシャルグッズ通販サイト」にて販売スタートいたしましたにゃ♪
",,,53,62,5
2015-04-07T04:01:54.000Z,text,ゆい：入学式なー(*´∇｀*),,,96,50,33
2015-04-07T00:46:47.000Z,text,ゆい：あ！月食見るの忘れた！(｀ﾛ´;),,,80,36,43
2015-04-06T13:46:52.000Z,text,"ゆい：いいな！(｀ﾛ´;) 
 RT : ワタシ スタンプニナッタ！“: スタンプ！？(｀ﾛ´;)”",,,50,26,17
2015-04-06T12:11:00.000Z,text,"ゆい：したよー♪
 RT : 今日は4月6日シロの日です！そんな日にミス・モノクローム-The Animation-のLINEスタンプが販売開始になりました！是非使って下さい♪( ´▽｀)
 #モノクローム",,,56,45,15
2015-04-06T11:50:53.000Z,text,"スタッフ：モノクロームちゃんスタンプにゃう！？ RT : 今日は4月6日シロの日です！そんな日にミス・モノクローム-The Animation-のLINEスタンプが販売開始になりました！
 #モノクローム",,,50,40,6
2015-04-06T08:40:04.000Z,text,ゆい：タンポポ咲いてる(*´∇｀*)ギョーカイ用語だとポポタン！,,,110,75,48
2015-04-05T13:18:37.000Z,text,ゆい：やったわーい♪(*´∇｀*),,,88,42,20
2015-04-05T13:18:19.000Z,text,ゆい：あら♪「Stay With Me」を応援して下さっている方がたくさん♪(*´∇｀*)ありがとうございます〜♪嬉しいわーい♪,,,124,74,22
2015-04-04T06:59:52.000Z,text,ゆい：朝から撮影してましたよろしく〜(*´∇｀*)終わった〜♪むふふ♪,,,91,34,41
2015-04-04T01:13:54.000Z,text,ゆい：お団子祭りや〜(*´∇｀*),,,83,37,45
2015-04-03T11:52:30.000Z,text,ゆい：おなかすきすぎた…(｀ﾛ´;),,,68,29,47
2015-04-03T11:32:24.000Z,text,ゆい：夜だけど…寒くなかったー(*´∇｀*),,,71,21,33
2015-04-02T14:14:57.000Z,text,ゆい：年に１度の会議(｀･ω･´)b楽しかった♪（笑）,,,92,31,42
2015-04-01T16:23:04.000Z,text,ゆい：ちゃんとウソつけたぞ(*´∇｀*),,,129,62,41
2015-04-01T08:21:48.000Z,text,悟空：オッス！オラ悟空！(｀･ω･´),,,208,142,69
2015-03-31T16:53:57.000Z,text,ゆい：早寝早起きは…明日頑張ろう！ (｡-_-｡),,,83,36,39
2015-03-31T16:52:17.000Z,text,"ゆい：面白いよ！ RT  【テレビ東京にて本日深夜1:40～】

ＭＣは鈴村健一×伊藤静！
ナレーション堀江由衣！
ダイヤのAからはスタジオゲスト櫻井孝宏に加え逢坂良太、島﨑信長、花江夏樹のインタビューも！
#アニメマシテ
 ",,,77,58,11
2015-03-31T16:46:23.000Z,text,スタッフ：アニメマシテなうですにゃ〜( ´∀｀*),,,42,25,5
2015-03-31T08:47:09.000Z,text,ゆい：桜がきれいな〜(*´∇｀*),,,94,40,58
2015-03-30T16:09:49.000Z,text,ゆい：さーて♪明日の準備は明日にしよ〜(*´∇｀*),,,76,35,42
2015-03-29T14:07:30.000Z,text,"ゆい：だいぶ年上？！(｀ﾛ´;) 
 RT : エッ？（；゜０゜）“@sheltie0326:   昭和46年9月6日だったような”",,,72,31,23
2015-03-29T14:06:55.000Z,text,"ゆい：あれ？いつだっけ？？σ(^_^;)
 RT : ミンナ ワタシノタンジョウビッテ
イツダッケ？",,,64,28,10
2015-03-29T04:44:23.000Z,text,ゆい：ベルチョソ食べる前になくなってしまった…（；＿；）,,,73,32,31
2015-03-28T17:42:17.000Z,text,ゆい：お！おお！こむちゃがさらに順調でありがとうございます♪さあ！一緒に歌おう〜(σ｀･ω･´)σ))))))さんはい♪,,,95,44,47
2015-03-28T16:34:38.000Z,text,スタッフ：はじまりましたにゃう〜♪ RT : 今日3/28（土）は25:30〜文化放送にてOAの宮野真守さんの「宮野真守のRADIO SMILE」にゲスト出演！！「KING SUPER LIVE」の企画にも挑戦しておりますので是非ぜひ！！#キンスパ,,,41,38,8
2015-03-28T14:57:15.000Z,text,ゆい：好きだった番組が終わってしまって残念(>_<),,,124,76,32
2015-03-28T14:55:18.000Z,image,ゆい：わー♪もうすぐ！ RT @ 【あと3時間】いよいよ今夜、最終話「帰郷」放送です！ TOKYO MX、とちぎテレビ、群馬テレビ、KBS京都では《24:30～》、テレビ愛知では《25:50～》です。（ANXさとみ）#dogdays,,https://pbs.twimg.com/media/CBL0KzJVIAAyxxf?format=jpg&name=small,82,55,4
2015-03-27T14:34:13.000Z,text,ゆい：ふふふ…ツメをキラキラにしてやったわ… ( 　 ´⚰`),,,132,41,53
2015-03-26T15:44:46.000Z,text,ゆい：お任せ下さい！（笑）,,,78,35,27
2015-03-26T10:16:17.000Z,text,ゆい：合間にお店を見ていたら、ずっと探していたクツを見つけたぞ♪(*´∇｀*)やった〜♪る〜るる〜♪,,,92,28,43
2015-03-26T04:43:11.000Z,text,ゆい：あったかい〜(*´∇｀*)る〜るる〜♪,,,92,33,44
2015-03-25T10:20:06.000Z,text,ゆい：あれ？マフラーどこやったっけ？？σ(^_^;),,,75,26,47
2015-03-25T06:04:41.000Z,text,ゆい：思ったより寒いです！(>_<)春までもうちょい！,,,66,22,40
2015-03-24T06:50:26.000Z,text,ゆい：辛い…つらいではなく、からいです… (º﹃º｀),,,93,45,54
2015-03-23T15:59:29.000Z,text,ゆい：今日はちょっぴり早寝♪(*´∇｀*)もっと早寝を目指すぞ！,,,83,30,42
2015-03-23T12:41:26.000Z,text,スタッフ：黒ネコ同盟からのお知らせです♪ただいま、会員有効期限が【2015/3/31～4/30】までの黒ネコ同盟員のみなさまのご継続手続きを受付しております！ご継続手続き方法はこちらをご覧くださいにゃう(｀◇´)ゞ  ,,,43,32,6
2015-03-22T14:33:31.000Z,text,ゆい：ふう〜♪満腹〜♪(*´∇｀*),,,76,38,43
2015-03-22T03:21:23.000Z,text,ブログを更新しました「声優アニメディア♪」 ,,,52,35,16
2015-03-22T03:21:02.000Z,text,ブログを更新しました「昨日♪」 ,,,51,35,17
2015-03-21T14:39:46.000Z,text,ゆい：わー♪こむちゃも良い調子♪(*´∇｀*)ありがとうございます！,,,82,44,18
2015-03-21T14:00:14.000Z,text,ゆい：アニスパ無事終わりました〜♪(*´∇｀*)聞いて下さったみなさま、ありがとうございました♪やっぱりアニスパはすごいですね〜♪楽しかったです♪,,,166,115,50
2015-03-21T12:01:38.000Z,text,"ゆい：ん？？ RT : はい(｀・ω・´)ん？
“: アニスパ最終回直前生放送間も無く
始まるざますよ。”",,,52,22,4
2015-03-21T12:00:57.000Z,text,"ゆい：始まりました〜♪(*´∇｀*)
私たちも待機！ RT : アニスパ公開生放送まもなく始まります！！あと10分！！ #agqr #anispa #joqr",,,61,36,8
2015-03-21T11:54:10.000Z,text,"スタッフ：まもなくアニスパ！はじまります！お聴き逃しなくですにゃう…！ RT : アニスパ！公開生放送なうです。
とても寂しいですが、楽しみですね！
お聞き逃しなく(｀・ω・´)",,,33,26,2
2015-03-21T08:40:49.000Z,text,"ゆい：ちょっと悪い笑いσ(^_^;)
 RT : フフフフフ
ハハハハハ",,,54,22,8
2015-03-21T07:12:15.000Z,text,スタッフ：ミス・モノクローム第2期放送決定ですにゃヽ(*´∀｀)ﾉドキドキワクワク…！,,,50,79,9
2015-03-21T07:08:14.000Z,text,"スタッフ：公開生放送へほっちゃん出演ですにゃ！！ RT : 「ウルトラスーパーピクチャーズ スペシャルステージ」にお越しいただきました皆さまありがとうございました！
夜はアニスパ！のイベントです（≧∇≦）",,,23,27,2
2015-03-21T06:31:58.000Z,text,ブログを更新しました「発見♪」 ,,,59,49,13
2015-03-21T05:56:56.000Z,text,ゆい：…というわけで、ミスモノクロームのイベント無事終了しましたー！原案者として登場でしたよ（笑）彼女はいませんでしたね（笑）,,,78,59,25
2015-03-21T03:56:24.000Z,text,スタッフ：AnimeJapan2015ほっちゃん準備中にゃう♪このあと13:25〜ウルトラスーパーピクチャーズスペシャルステージへ登場しますにゃう〜！！,,,36,43,3
2015-03-20T15:04:36.000Z,text,ゆい：ひとりファッションショー(´･_･`)以外と疲れる…（笑）,,,95,39,40
2015-03-20T12:43:36.000Z,text,ゆい：明日はイベント２つ♪(*´∇｀*)楽しみでーす♪気をつけて来て下さいね〜♪,,,65,37,22
2015-03-20T11:40:59.000Z,text,"ゆい：サポーターのイメージがそれなのねσ(^_^;)
 RT : オーレーオーレオレー！",,,50,18,9
2015-03-20T11:39:31.000Z,text,"ゆい：え？！す、すごいね…(｀ﾛ´;) 
 RT : ワタシ ルミカコウシキ サポーター！",,,50,24,5
2015-03-20T11:38:39.000Z,text,"ゆい：おい！（笑）
 RT : カラフルッテイイヨネー！（≧∇≦）",,,69,46,12
2015-03-19T16:07:35.000Z,text,"ゆい：こちらこそ♪
 RT : “リーダー、ご来店ありがとう♪（ｖ＾＿＾）ｖ: ゆい：たかはし智秋ちゃんのニコ生楽しかったです♪(*´∇｀*)さすが！聞いて下さったみなさま、ありがとうございました♪次回が楽しみすぎる！（笑）”",,,52,23,8
2015-03-19T15:03:11.000Z,text,ゆい：たかはし智秋ちゃんのニコ生楽しかったです♪(*´∇｀*)さすが！聞いて下さったみなさま、ありがとうございました♪次回が楽しみすぎる！（笑）,,,78,35,19
2015-03-19T14:40:19.000Z,text,ブログを更新しました「ちあきちゃんと♪」 ,,,55,44,12
2015-03-19T14:13:08.000Z,text,ブログを更新しました「ちあきちゃん♪(*´∇｀*)」 ,,,66,55,14
2015-03-19T13:02:30.000Z,text,"スタッフ：ほっちゃん来店にゃう〜！  RT : 22時〜ニコ生でたかはし智秋さん「LADY LUCK CLUB 」ですよ〜(=ﾟωﾟ)ﾉ
待機なう！
",,,29,23,1
2015-03-19T12:39:44.000Z,text,ゆい：そろそろ始まるよ〜♪(*´∇｀*),,,51,22,15
2015-03-19T12:39:01.000Z,text,"ゆい：おおー♪(*´∇｀*)
 RT : ハッシュタグ発見！(゜∀゜)
22時〜です！よろしくお願い致します！
 #chiaking_LLC",,,40,17,3
2015-03-19T04:49:43.000Z,text,"ゆい：わーい♪
 RT  スタッフ：本日放送にゃ♪  「たかはし智秋のLADY LUCK CLUB」第02夜！
 ゲストは声優・堀江由衣さんが登場します！チアKINGママと、一体どんなトークが飛び出すのか…スタッフも検討がつきません…",,,49,35,14
2015-03-19T02:31:05.000Z,text,"スタッフ：本日放送にゃ♪ : 「たかはし智秋のLADY LUCK CLUB」第02夜！
 ゲストは声優・堀江由衣さんが登場します！チアKINGママと、一体どんなトークが飛び出すのか…スタッフも検討がつきません…",,,48,50,4
2015-03-18T04:27:29.000Z,text,ゆい：うおう！(｀ﾛ´;) 電車が暑い…,,,81,40,49
2015-03-17T09:59:59.000Z,text,ゆい：ぬぬ！電車が混んでいる…(｀ﾛ´;),,,78,38,49
2015-03-17T03:49:36.000Z,text,ブログを更新しました「CUTiEその２♪」 ,,,52,32,10
2015-03-16T09:47:55.000Z,text,ブログを更新しました「CUTiE♪」 ,,,58,42,22
2015-03-16T09:05:57.000Z,text,ゆい：る〜るる〜♪(*´∇｀*)さて、いろいろ頑張るぞ！,,,86,33,43
2015-03-15T14:22:54.000Z,text,ゆい：か、カオス…(｀ﾛ´;),,,94,38,43
2015-03-15T11:20:41.000Z,text,ゆい：私ももっと身体を鍛えるぞ〜！おー！(｀ﾛ´;),,,110,56,61
2015-03-14T15:06:14.000Z,text,"ゆい：わー♪こむちゃっちゃー♪(*´∇｀*)こむちゃ無事終わりました♪楽しかったなぁ〜♪聞いて下さったみなさま、ありがとうございます♪
「Stay With Me」2回もかけていただいて満足（笑）ありがたや♪",,,96,76,40
2015-03-14T14:22:06.000Z,text,"スタッフ：こちらにゃ！(っ・ω・)っ RT : わーい！
引続きよろしくお願い致します！
こちらからですよ(っ・ω・)っ笑

#comcha",,,17,18,1
2015-03-14T14:21:13.000Z,text,スタッフ：ほっちゃん登場ですにゃ〜！こむちゃっちゃ〜！！ #comcha,,,33,36,
2015-03-14T14:16:30.000Z,text,"スタッフ：何かにゃ〜？！ RT : こむちゃ待機なうです(｀・ω・´)
こむちゃメールは「あなたのStayられないもの」ですよ〜！
ほっちゃんは何ですかね〜(笑)
 #comcha",,,21,17,1
2015-03-14T12:58:39.000Z,image,"ゆい：大きいね〜（笑）
 RT : 発行中のアニカンFreeのセンター見開きにもほっちゃんがいますよ〜！！
目立ちます(゜∀゜)",,https://pbs.twimg.com/media/CADMdbPU8AA-WxN?format=jpg&name=small,91,48,11
2015-03-14T12:57:56.000Z,text,"ゆい：はい！あと１時間ちょっと後に登場です！（笑） RT : 今日の夜は「こむちゃっとカウントダウン」に出演します！
こむちゃっちゃ〜(*・∀-)ｂ
#comcha",,,55,52,15
2015-03-13T16:30:43.000Z,text,ゆい：月が下の方にあって大きくて半分で、ちょっと赤い(*´∇｀*)なんか珍しい♪さて、早寝早起き！（笑）,,,77,33,40
2015-03-13T16:10:01.000Z,text,ゆい：ん？あれ月かな？,,,67,24,30
2015-03-13T13:05:49.000Z,text,"ゆい：おお！会長の！(*´∇｀*)その節は（笑）
 RT : スタッフ：生徒会長日誌がアップされておりますにゃ！チェックにゃう！！
",,,52,28,12
2015-03-13T10:11:25.000Z,image,スタッフ：黒ネコ同盟にてほっちゃんのスクールカレンダーを販売中です！！お風呂に窓越しのほっちゃんにゃう(*´∇｀*)♪  ,,https://pbs.twimg.com/media/B_-EPWYUQAAM5gh?format=jpg&name=small,60,51,2
2015-03-13T10:10:06.000Z,text,"スタッフ：スクールカレンダー2015のお知らせです！3月6日までにご入金をいただいたみなさまへ本日発送をいたしました！発送日から１週間経ってもお手元に届かない際には黒ネコ同盟までご連絡ください。
お風呂やお部屋にぜひ貼ってみてくださいにゃ！！",,,31,18,5
2015-03-13T09:27:52.000Z,text,"スタッフ：生徒会長日誌がアップされておりますにゃ！チェックにゃう！！
",,,38,45,11
2015-03-13T04:15:14.000Z,text,ゆい：ぬ？くしゃみ…(｡-_-｡),,,75,34,46
2015-03-12T15:56:11.000Z,text,ブログを更新しました「Nステ イウィズミー その2♪」 ,,,60,31,10
2015-03-12T15:55:46.000Z,text,ブログを更新しました「Nステ イウィズミー♪」 ,,,63,37,9
2015-03-12T15:12:20.000Z,image,"ゆい：ワシさんありがとうございました♪(*´∇｀*)
 RT : Nステでしたー(^^)",,https://pbs.twimg.com/media/B_5yKkQVAAEsgXD?format=jpg&name=small,157,83,11
2015-03-12T14:55:44.000Z,text,ゆい：Nステ イウィズミー見ていただいたみなさま、ありがとうございました♪(*´∇｀*)クイズ負けて詳しいな〜♪(*´∇｀*),,,102,63,45
2015-03-12T13:01:03.000Z,image,スタッフ：ほっちゃん登場にゃー！！！ RT : はじまりまーす！,,https://pbs.twimg.com/media/B_5hM7AUMAAEkaS?format=jpg&name=small,48,51,6
2015-03-12T11:40:24.000Z,text,ゆい：バニラソルトだ！,,,99,66,23
2015-03-12T10:25:34.000Z,text,"スタッフ：もうすぐスタートですにゃ♪ RT : さて！本日は「Nステ イウィズミー」です(｀・ω・´)
まずは19:30からPV一挙放送！
22:00からはライブの内容も結構お届けしますよ！
",,,31,54,4
2015-03-12T09:36:28.000Z,text,"ゆい：さあ！行くぞ！(｀･ω･´)！
 RT : さて！本日は「Nステ イウィズミー」です(｀・ω・´)
まずは19:30からPV一挙放送！
22:00からはライブの内容も結構お届けしますよ！
",,,56,67,22
2015-03-12T06:22:40.000Z,text,ゆい：今日はあったかい♪外歩くのが楽しいです♪移動〜(*´∇｀*),,,77,26,32
2015-03-11T14:58:24.000Z,text,ゆい：寒いからスクワットしよ！(｀ﾛ´;),,,114,77,53
2015-03-11T14:55:19.000Z,text,ゆい：はわわわ！さささ寒((((；ﾟДﾟ))))),,,91,43,35
2015-03-11T13:27:14.000Z,text,"ゆい：よろしくですー(*´∇｀*)
 RT : 明日のニコ生「Nステ  イウィズミー」の準備なうです(っ・ω・)っ
19：30～はPVの一挙放送、22：00～はほっちゃん出演の特番で3時間半に渡って放送予定です！",,,64,57,14
2015-03-11T07:41:21.000Z,text,"ゆい：すごい載ってます（笑） RT : 声優アニメディアなう〜！
ほっちゃんはクロスアンジュの連載と「Stay With Me」のリリースページ、連載と盛り沢山！
6ページに渡って掲載頂いておりますヽ(・∀・)ﾉ 
#dogdays #クロスアンジュ",,,47,30,15
2015-03-10T15:58:03.000Z,text,ゆい：明日も早いから寝坊しないように早く寝なきゃ♪…ん？（笑）,,,100,45,54
2015-03-10T12:12:29.000Z,image,"ゆい：ちょ、ちょっと恥ずかしい（笑）
 RT : 今回のFLASHの見出しは、『カリスマ声優は永遠の17歳！』です♡",,https://pbs.twimg.com/media/B_uWVvRUcAAVzwG?format=jpg&name=small,210,236,26
2015-03-10T12:11:53.000Z,text,ゆい：むふふ♪ポップコーン買ってしまった♪（ º﹃ º ）,,,87,32,32
2015-03-10T05:58:24.000Z,text,"ゆい：ぜひ♪(*´∇｀*)
 RT : 本日(3/10)発売のFLASHにほっちゃんが再登場〜！
沖縄ロケ写真です！ポスタープレゼントもありますので是非ぜひ！",,,53,41,12
2015-03-10T03:53:39.000Z,text,ゆい：今日からまたバタバタ〜（笑）,,,89,33,60
2015-03-09T15:36:02.000Z,text,"ゆい：おお！聞きたい！ RT : 言葉責め日記、更新です。堀江さんのLIVEからまだ興奮さめやらぬ皆さん！てんたままで感想とか会場でのエピソードなどお便りお待ちしてますよ！初めて参加された方とかの感想も聞きたいなぁ♪
",,,50,34,7
2015-03-09T15:35:01.000Z,text,"ゆい：「Stay With Me」です！（笑）みなさま、よろしくお願いします（笑）
 RT : 【番組】3月14日の「こむちゃっとカウントダウン」は 堀江由衣さんが登場！
",,,59,51,11
2015-03-09T05:26:12.000Z,text,スタッフ：ファンクラブカウンターへお立ち寄りいただき、誠にありがとうございました！新規入会・ご継続のお手続きは、黒ネコ同盟HPやLoppi端末、ローチケ.comからも受付しております！ぜひこちらもご利用くださいにゃう♪ ,,,29,18,1
2015-03-09T05:20:08.000Z,image,"スタッフ：修学旅行ほっちゃんにゃ♪ RT : 学園祭は終了してしまいましたが、エコ女購買部では修学旅行のブロマイド販売しております！！イギリスでの写真ですよ♡
",,https://pbs.twimg.com/media/B_oLZUqUcAANjR1?format=jpg&name=small,51,50,4
2015-03-09T04:02:57.000Z,text,"ゆい：です！(*´∇｀*)
 RT : 明日発売の声優グランプリが届きました〜！インタビューとシンガポールで撮影した写真が掲載されておりますよ！
ボブのほっちゃん(゜∀゜)",,,53,30,7
2015-03-09T03:58:41.000Z,text,"ゆい：はーい♪(*´∇｀*)
 RT : 生徒の皆様、校内放送の時間ですよ〜ヽ(・∀・)人(・∀・)ﾉ 
",,,60,31,13
2015-03-09T02:25:33.000Z,text,"ゆい：ありがとうございました♪atsukoさん、ボブ可愛いです♪(*´∇｀*)
 RT : ブログを更新しました。 『～堀江由衣をめぐる冒険V～』
⇒ ",,,79,40,
2015-03-09T02:23:23.000Z,image,"ゆい：セクシーだったよ♪
 RT : 「堀江由衣をめぐる冒険V〜狙われた学園祭〜」ワタクシはセクシーすぎる女子高生チアキ役で声の出演をさせていただきました(笑)伝説のユニット(笑)「Aice5」が、久しぶりに集結",,https://pbs.twimg.com/media/B_ldG6yU8AA8_GF?format=jpg&name=small,320,253,7
2015-03-09T02:21:12.000Z,text,"ゆい：ありがとうございます！ピアノのくだり、だんだん恥ずかしくなってきました（笑）
 RT : 「堀江由衣をめぐる冒険Ⅴ～狙われた学園祭～」
行ってきたー（≧∇≦）
何が凄いって、ピアノ一本で歌い上げてて
感動したー

#劇団堀江",,,127,85,1
2015-03-09T02:20:11.000Z,text,"ゆい：ありがとう♪いつか歌わなきゃ！ってずっと思ってたよ（笑）
 RT : 堀江由衣ちゃんのライブ、楽しかったな～！個人的には、はじめて『Little Honey Bee』を生で聞けて、ちょっと泣きそうなくらい嬉しかったよ～。",,,132,64,2
2015-03-08T17:48:42.000Z,text,"ゆい：ええ？！みんないつの間に…(｀ﾛ´;) 
 RT : ライブ終了！
クマスタオとピンクマちゃんと
写真撮った。 ",,,83,37,4
2015-03-08T17:48:07.000Z,image,"ゆい：え？！
 RT : 三代目K黒薔薇保存会のゼメエル(?)とツーショット！！凄い嬉しい（≧∇≦）
衣装は私が着ていたのと同じ。これでコミケ行ったのが懐かしい（笑）",,https://pbs.twimg.com/media/B_k9NMlU0AAeU6t?format=jpg&name=small,86,39,2
2015-03-08T17:47:19.000Z,text,"ゆい：あ…楽屋にいなかったから帰っちゃったのかと…
 RT : エ？ヨバレテナイ
∑(ﾟДﾟ)“: ゆい：2日間のライブが終わりましたー♪来て下さったみなさま、ありがとうございました♪(*´∇｀*)打ち上げなう〜♪”",,,105,64,6
2015-03-08T17:46:17.000Z,text,ゆい：明日は寝坊できるぞ(σ｀･ω･´)σ,,,164,104,31
2015-03-08T17:45:55.000Z,text,ゆい：私の学園祭も無事終わりました〜♪みなさま、本当にありがとうございました♪楽しんでいただけていたら、何よりです♪(*´∇｀*),,,239,154,62
2015-03-08T15:36:04.000Z,text,ゆい：2日間のライブが終わりましたー♪来て下さったみなさま、ありがとうございました♪(*´∇｀*)打ち上げなう〜♪,,,341,281,149
2015-03-08T13:23:48.000Z,text,"スタッフ：終了いたしました！とっても濃い楽しい2日間でしたにゃ！！学園祭満喫されましたかにゃ～(*´∇｀*)？！ RT : 
二日間の学園祭が終了致しました！16000人のエコ女、青クマ学園の生徒の皆様、本当にありがとうございました！！",,,153,144,38
2015-03-08T03:59:17.000Z,text,スタッフ：本日はBLUE DAY！！物販や飲食、謎解き研究部からの挑戦などなどもスタートにゃう♪黒ネコ同盟のファンクラブカウンターも受付開始しておりますにゃ！ぜひお立ち寄りくださいませにゃう〜ヽ(*´∀｀)ﾉ,,,38,58,7
2015-03-07T14:16:59.000Z,text,ゆい：さーて、明日寝坊しないようにそろそろ寝ようっと♪(*´∇｀*),,,150,134,102
2015-03-07T13:19:38.000Z,text,ゆい：盛り上がったみたいだね！(*´∇｀*) RT : フフフ、タノシカッター（≧∇≦）,,,95,64,12
2015-03-07T02:56:36.000Z,text,スタッフ：会場内には黒ネコ同盟ファンクラブカウンターもございます！ぜひお立ち寄りくださいにゃう♪,,,31,27,9
2015-03-07T02:55:41.000Z,text,スタッフ：堀江由衣をめぐる冒険Ⅴ RED DAYにゃうー(*´∀｀)ﾉ飲食や謎解きも！ワクワク！,,,36,42,4
2015-03-06T15:32:07.000Z,text,ゆい：さーて、明日寝坊しないようにそろそろ寝ようっと♪(*´∇｀*),,,114,82,53
2015-03-06T13:51:45.000Z,text,ゆい：ぬっ…ぬぬ！…はーーーーっ！(｀ﾛ´;) よし！晴れる！,,,130,101,41
2015-03-06T13:45:49.000Z,text,ゆい：明日、晴れますように♪(*´∇｀*),,,105,77,29
2015-03-06T13:13:58.000Z,text,"ゆい：わー(*´∇｀*) RT : 『狙われた学園祭』情報が追加されましたよ〜！
エコ女の学校指定香水とミス・モノクロームの香水も販売が決定！
さらに！謎解き企画も！！！
",,,51,49,6
2015-03-06T13:13:05.000Z,text,"ゆい：おお！
 RT : いよいよライブ目前！生徒会長の日誌が更新されましたよ(｀・ω・´)b
",,,36,26,4
2015-03-06T08:26:19.000Z,text,ゆい：明日はどうやら寒いらしいのであったかくして来て下さいね〜(*´∇｀*),,,89,65,43
2015-03-06T06:49:10.000Z,text,"ゆい：なんだなんだ？（笑）
 RT : 3/12（木）「Stay With Me」リリース記念ニコ生「Nステ イウィズミー」放送決定です！(｀・ω・´)

#dogdays",,,64,55,16
2015-03-06T01:30:45.000Z,text,ゆい：はふ〜(*´∇｀*),,,66,29,30
2015-03-05T14:21:13.000Z,text,ゆい：おお！「Stay With Me」のカップリングのほうき星も人気だ〜(*´∇｀*)嬉しい♪,,,70,37,22
2015-03-05T13:21:03.000Z,text,"ゆい：どうでしょう？？(σ｀･ω･´)σ))))))
 RT : みなさま、大変お待たせいたしましたm(__)m 「堀江由衣をめぐる冒険Ⅴ～狙われた学園祭～」物販情報をアップいたしました！！ ",,,65,50,17
2015-03-05T13:20:21.000Z,text,"ゆい：みかりんすごい！(((o(*ﾟ▽ﾟ*)o)))
 RT : ミスミカクロームスゴイ“:  高橋美佳子ちゃんがの～ぷらんでいこうで私だけの物語をフルで踊ってたよ。振り付け完璧だった！”",,,49,25,
2015-03-05T13:19:42.000Z,text,"ゆい：え？！そうなの？？(｀ﾛ´;) 
 RT : クマスターヨリハイソガシイカモ“:  モノクロちゃん、今回はクマスターとお仕事一緒じゃないんですね。もしかして、学園祭のリハですか？∑(°∀°)”",,,36,12,3
2015-03-05T12:29:15.000Z,text,スタッフ：「堀江由衣をめぐる冒険Ⅴ」会場では、ファンクラブカウンターも設置しております！入会・継続のお手続きにぜひご利用下さい♪ご継続の際は、ひみつ文書File83に同封の「払込取扱票」をご持参いただけますようお願い致しますにゃう！ ,,,28,26,2
2015-03-05T12:27:39.000Z,text,スタッフ：めぐる冒険Ⅴ物販情報にゃう(〃ω〃)！ RT : みなさま、大変お待たせいたしましたm(__)m 「堀江由衣をめぐる冒険Ⅴ～狙われた学園祭～」物販情報をアップいたしました！！ ,,,40,68,5
2015-03-05T01:42:22.000Z,text,ゆい：発売から一夜明けて、みなさま！どうですか？！(｀ﾛ´;),,,71,34,63
2015-03-04T11:55:03.000Z,text,"スタッフ：もうすぐにゃ〜！！ RT : さーらにー！本日はM-ON! LIVE 堀江由衣 「堀江由衣をめぐる冒険Ⅳ～パイレーツ・オブ・ユイ3013～」のリピート放送もありますよ！
",,,23,23,3
2015-03-04T11:31:10.000Z,image,ゆい：な、何してるんだろ？σ(^_^;)ありがとうございました(*´∇｀*) RT : 寒い中、たくさんお越しいただきましてありがとうございました(゜∀゜),,https://pbs.twimg.com/media/B_P9XXlVEAA9Hh_?format=jpg&name=small,67,52,6
2015-03-04T11:15:54.000Z,image,"ゆい：アップすぎてちょっと怖い（笑）

 RT : 20:00頃までは行う予定です！
よろしくお願い致しますm(_ _)m",,https://pbs.twimg.com/media/B_P14_PUoAAAp5Y?format=jpg&name=small,39,22,6
2015-03-04T10:56:33.000Z,image,"スタッフ：ぜひお立ち寄りくださいにゃう〜！ RT : 20:00頃までは行う予定です！
よろしくお願い致しますm(_ _)m",,https://pbs.twimg.com/media/B_P14_PUoAAAp5Y?format=jpg&name=small,18,13,1
2015-03-04T10:39:01.000Z,text,"ゆい：おお！(｀ﾛ´;) 
 RT : この後も少しやっちゃいます(笑)
 ゆい：ササ、サイン？！(｀ﾛ´;) 来て下さったみなさま、ありがとうございました♪(*´∇｀*)
 RT : ご希望のお客様にはサインも(笑)",,,35,21,3
2015-03-04T10:20:02.000Z,image,"ゆい：ササ、サイン？！(｀ﾛ´;) 来て下さったみなさま、ありがとうございました♪(*´∇｀*)
 RT : ご希望のお客様にはサインも(笑)",,https://pbs.twimg.com/media/B_Pox2IVEAANhc7?format=jpg&name=small,38,24,6
2015-03-04T10:03:43.000Z,image,スタッフ：直筆生サインですにゃ！ RT : ご希望のお客様にはサインも(笑),,https://pbs.twimg.com/media/B_Pox2IVEAANhc7?format=jpg&name=small,25,15,2
2015-03-04T03:53:04.000Z,image,ゆい：すごいたくさん！RT  【☆ほっちゃん新譜情報☆】堀江由衣さんのDOG DAYS”ED｢Stay With Me｣が本日より発売だおー！アニメイト特典にはなんとアナザージャケットカードが！今週末のライブに向けて買って予習するだお,,https://pbs.twimg.com/media/B_KR8mZUwAEaduf?format=jpg&name=small,52,57,4
2015-03-04T03:51:48.000Z,image,"ゆい：はい♪(*´∇｀*)
 RT  【特設】堀江由衣さん「Stay With Me」ゲーマーズ限定特典は【オフィシャルポストカード】ゲマ！特設ページで絶賛応援中ゲマ！ #堀江由衣",,https://pbs.twimg.com/media/B_KjUuYUQAA51bQ?format=jpg&name=small,52,35,1
2015-03-04T03:49:47.000Z,image,"ゆい：ぜひ♪
 RT  【イベント】堀江由衣さんの18thシングル｢Stay With Me｣発売を記念して「クマスターの店頭販売」開催決定ゲマ!!明日の18：00より店頭にクマスターさんが遊びに来てくれるゲマよ！是非ご参加くださいゲマ",,https://pbs.twimg.com/media/B_LGDCSUoAAOU4I?format=jpg&name=small,43,41,5
2015-03-04T03:46:16.000Z,image,"ゆい：私もー！
 RT 【タワーアニメ新宿】TVアニメ『DOG DAYS''』ED主題歌！堀江由衣さん「Stay With Me」入荷しております！購入者抽選のパネルプレゼント企画もあり！今度の土日は寝坊しないようにしなきゃ！！",,https://pbs.twimg.com/media/B_KuSf-VAAEy2I5?format=jpg&name=small,52,47,14
2015-03-03T15:29:12.000Z,text,ゆい：よーし！発売日だぁぁー！(｀･ω･´)今回はスタッフさんが忙しいので、みなさまご協力よろしくお願いします（笑）,,,76,70,35
2015-03-03T07:27:30.000Z,text,ゆい：「Stay with me」もうあるところはあるみたいですね(*´∇｀*),,,60,39,46
2015-03-03T03:56:03.000Z,text,ゆい：ライブ近いー！わー！ RT  今週末の「堀江由衣をめぐる冒険Ⅴ～狙われた学園祭～」のCD物販でもニューシングル「Stay With Me」をお買い求めいただけます♪さらに旧譜をお買い上げいただいた方にも特典を準備しております。詳細は近日中にHPに掲載いたしますm（_ _）m,,,52,39,14
2015-03-03T03:55:23.000Z,text,"ゆい：おお！また！
 RT  さらに3月4日発売日18時からはAKIHABARAゲーマーズ本店さん店頭にてクマスターがニューシングル「Stay With Me」の店頭販売を開催いたします♪お時間ございましたら是非お立ち寄りください！　",,,31,22,3
2015-03-03T03:54:50.000Z,image,"ゆい：明日かな(*´∇｀*)
 RT : 3月4日発売ニューシングル「Stay With Me」の発売を記念して全国のゲーマーズさん（オンラインを除く）で発売日限定クマスターブロマイドをプレゼント！",,https://pbs.twimg.com/media/B_JJQrYUoAAR8iM?format=jpg&name=small,54,34,6
2015-03-02T12:51:08.000Z,text,ブログを更新しました「Stay with me♪」 ,,,60,50,21
2015-03-02T10:19:44.000Z,text,ゆい：もうちょこっとファイトだー！！(*´∇｀*),,,59,23,44
2015-03-02T05:01:19.000Z,text,"スタッフ：直前ですにゃ～(〃ω〃)！校内放送もチェックにゃ！！ RT : お昼休みの校内放送です～ヽ(・∀・)人(・∀・)ﾉ 
いよいよ直前ですね！！！
",,,20,14,3
2015-03-02T00:40:23.000Z,text,ゆい：お天気良さそうだな〜(*´∇｀*),,,60,24,39
2015-03-01T15:49:48.000Z,text,ゆい：早寝の術！(｡-_-｡),,,74,29,43
2015-03-01T15:45:52.000Z,text,ゆい：楽しかったー(*´∇｀*) RT : スタッフ：「スマギャン」 始まりましたにゃー！！！ #smile_gang  #dogdays,,,50,30,15
2015-03-01T14:32:55.000Z,text,スタッフ：「スマギャン」 始まりましたにゃー！！！ #smile_gang  #dogdays,,,33,68,11
2015-03-01T14:13:57.000Z,text,"スタッフ：待機にゃう〜(*´∇｀*) RT : 『スマギャン』待機です〜ヽ(・∀・)人(・∀・)ﾉ 
#smile_gang  #dogdays",,,30,41,3
2015-03-01T07:14:25.000Z,text,ゆい：うひゃー！たい焼き食べよう(*´∇｀*),,,69,45,46
2015-02-28T14:12:41.000Z,text,ゆい：さーてお風呂にお湯入れよう♪(*´∇｀*)疲れをとるのだ！,,,69,31,52
2015-02-27T14:52:42.000Z,image,"ゆい：よく見たらみんなあまり楽しそうじゃない（笑）ワンサイズ大きめがオススメです♪ RT  「PHOTO TOPICS」更新ですよ！ほっちゃんLIVEまで後一週間！
当日が楽しみだなぁ〜♪
",,https://pbs.twimg.com/media/B-1s5dhUIAABJzn?format=jpg&name=small,75,79,22
2015-02-27T12:55:41.000Z,text,"ゆい：おお！ RT : 本日も生徒会日誌が公開されてますよ〜！
クマスタオくん！？(｀ﾛ´;)
",,,28,13,9
2015-02-27T12:24:34.000Z,image,"ゆい：おお！ RT  「PHOTO TOPICS」更新ですよ！ほっちゃんLIVEまで後一週間！
グッズお買い物の参考になるように、みんなでマネキンしてみました（笑）
当日が楽しみだなぁ〜♪
",,https://pbs.twimg.com/media/B-1s5dhUIAABJzn?format=jpg&name=small,57,80,8
2015-02-27T10:24:52.000Z,text,ゆい：はわわわわ((((；ﾟДﾟ)))))))思ったよりも素朴な疑問じゃなかった！（笑）,,,59,19,14
2015-02-27T10:23:05.000Z,text,ゆい：あれ？！いろんな説がある…,,,49,14,8
2015-02-27T10:21:10.000Z,text,ゆい：おお！お水なら一緒なんだ〜！世の中知らないことがたくさん！ありがとうございましたー♪,,,58,17,9
2015-02-27T03:02:26.000Z,text,ゆい：素朴な疑問(´･_･`)1リットルと1キロって重さ一緒？,,,81,45,101
2015-02-26T14:00:27.000Z,text,スタッフ：ほっちゃんスクールカレンダー2015早期予約特典付きのお申込みは、明日2月27日（金）[消印有効]まで！！！詳しくはこちらをチェックですにゃヽ(*´▽)ノ ,,,27,17,3
2015-02-26T13:02:15.000Z,text,ゆい：はふー(*´∇｀*)ジンジャーレモネードうま♪,,,68,30,37
2015-02-26T04:51:39.000Z,text,ゆい：お昼どうしようかな〜？チキンかな（ º﹃ º ）,,,60,22,34
2015-02-25T12:35:26.000Z,text,ゆい：うわ！猫いた！ビックリ！（笑）,,,71,23,35
2015-02-25T07:16:25.000Z,text,ゆい：天たまミニ懐中電灯が家から出てきた！（笑）懐かしい！,,,74,30,29
2015-02-25T06:10:03.000Z,text,スタッフ：ドラマCD出演情報にゃう！ドラマCD「ひまわりさん」に先代ひまわりさん役でほっちゃんの出演が決定いたしました！！ぜひチェックしてくださいにゃ♪ ,,,27,13,2
2015-02-24T15:45:21.000Z,text,"ゆい：ね！（笑）
 RT : YouTubeでもPVを公開しました（σ・∀・）σ 

#ワシスタ",,,57,39,16
2015-02-24T12:10:36.000Z,text,スタッフ：「Stay With Me」PVスタートにゃう～(*´∇｀*) ！！ #ワシスタ,,,29,21,3
2015-02-24T11:57:29.000Z,text,ゆい：今日はいっぱい働いたぞ！(｀･ω･´)b,,,67,28,59
2015-02-24T09:59:30.000Z,text,"ゆい：はい！(｀･ω･´)
 RT : ワシスタのタイムシフトはこちらから（σ・∀・）σ 
#ワシスタ
",,,30,11,3
2015-02-24T06:42:35.000Z,text,"ゆい：おおー(*´∇｀*)
 RT : 本日2月24日21時～放送のニコ生「ワシスタ」にて「Stay With Me」のPVを初解禁致します！ #ワシスタ
",,,33,26,7
2015-02-24T04:30:03.000Z,text,"スタッフ：本日21時から！タイムシフト予約にゃう♪ RT : 本日2月24日21時～放送のニコ生「ワシスタ」にて「Stay With Me」のPVを初解禁致します！ #ワシスタ
",,,31,27,4
2015-02-24T03:02:45.000Z,text,スタッフ：「スクールカレンダー2015」早期予約特典付きのお申込みは、今週末2月27日（金）[消印有効]までにゃう♪ぜひゲットしてお風呂に貼ってみてくださいにゃヽ(=´▽`=)ﾉ ,,,32,20,2
2015-02-23T16:26:37.000Z,text,"ゆい：はーい(*´∇｀*) RT : スタッフ：今日はエコ女校内放送の日ですにゃう～ヽ(*´▽)ノ
",,,36,15,14
2015-02-23T09:31:53.000Z,text,スタッフ：「堀江由衣をめぐる冒険Ⅴ～狙われた学園祭～」FC先行チケットを簡易書留にて本日発送いたしましたにゃう！日中ご自宅を留守にされる方は不在票等をご確認ください。ライブ当日が近づいてきておりますにゃ！！ワクワク(〃ω〃) ,,,58,118,14
2015-02-23T06:49:29.000Z,text,"スタッフ：今日はエコ女校内放送の日ですにゃう～ヽ(*´▽)ノ
",,,25,16,6
2015-02-23T05:35:58.000Z,text,ゆい：けっきょくコート失敗したな…(｡-_-｡)あったかい（笑）,,,56,23,35
2015-02-23T03:54:28.000Z,text,ゆい：コート迷う〜 ( 　 ´⚰`),,,63,26,27
2015-02-22T03:48:09.000Z,text,ゆい：今日は勢揃い！,,,71,71,29
2015-02-21T13:57:27.000Z,text,"ゆい：おお！生徒のみなさま、よろしくお願いします♪(*´∇｀*)
 RT : ライブまであと二週間です(｀ﾛ´;)
日誌や校歌のおさらいなどお忘れなくです〜！！
",,,54,43,15
2015-02-21T13:56:22.000Z,text,ゆい：おお！美味しいお菓子情報が！(((o(*ﾟ▽ﾟ*)o)))私はハチミツ梅が美味しかったです♪,,,66,30,21
2015-02-21T11:05:48.000Z,text,ゆい：最近、いろんな種類のお菓子を食べています♪(*´∇｀*),,,66,29,32
2015-02-21T03:47:27.000Z,text,ゆい：今日もお天気(*´∇｀*),,,58,23,43
2015-02-20T01:23:31.000Z,text,ゆい：良く晴れている(*´∇｀*),,,53,24,30
2015-02-19T17:20:41.000Z,text,"ゆい：おお！ RT  さて。「K BEST ALBUM」も発売になりまして。Disc2のほうにはangelaが書き下ろした曲をずらっと入れていただきました。その中でも初出しなのが
アンナ役の堀江由衣さんが歌う-フレイム・オブ・レッド-。劇場版でも泣けるシーンで流れましたね。",,,44,26,5
2015-02-19T17:19:59.000Z,image,ゆい：すごい写真♪（笑） RT : 『清 竜人ハーレム♡フェスタ2015 Vol.3』ありがとうございました！ ミス・モノクロームさんはリハ中だったので、清竜人25のみなさんとぱちり！,,https://pbs.twimg.com/media/B-NccFJCIAA-K_k?format=jpg&name=small,64,41,3
2015-02-19T17:17:35.000Z,image,"ゆい：ええ？！いいなぁ！清さんと桃井さんと写真取れるなんて！
 RT : モモーイトシャシン！",,https://pbs.twimg.com/media/B-NTjjdCMAA35fn?format=jpg&name=small,90,77,5
2015-02-19T12:01:48.000Z,text,ゆい：ライブ、モノクロームちゃんの出番、無事終わったみたいだ〜(*´∇｀*)来て下さったみなさま、ありがとうございました♪,,,60,27,18
2015-02-19T10:36:00.000Z,text,"ゆい：リハあったんだσ(^_^;)今頃、歌ってるかな？？
 RT : リハオワッタ！アトハホンバン！",,,34,20,7
2015-02-19T09:53:22.000Z,text,スタッフ：リハお疲れさまにゃ！もうすぐスタートにゃ〜(o*´∇｀)o RT : リハオワッタ！アトハホンバン！,,,25,12,2
2015-02-19T08:54:01.000Z,text,"ゆい：おお！(*´∇｀*)
 RT : 「堀江由衣をめぐる冒険Ⅴ～狙われた学園祭～」機材席開放につきチケット追加販売決定!!!! 明日2/20お昼12時より発売開始です～!!
",,,30,38,8
2015-02-19T08:51:28.000Z,text,ゆい：おお！この後だねー！頑張ってねー(*´∇｀*) RT : ライブ！ライブ！,,,29,12,7
2015-02-19T08:47:02.000Z,text,スタッフ：わーヽ(*´∀｀)ﾉ♪ RT : ライブ！ライブ！,,,23,10,1
2015-02-19T03:51:25.000Z,text,スタッフ：ドラマCD出演情報にゃう♪ドラマCD「金の彼女　銀の彼女」に綾之峰英里華（金の英里華）役でほっちゃんの出演が決定いたしました！ぜひチェックしてくださいにゃ♪ ,,,26,17,2
2015-02-18T14:09:28.000Z,text,"ゆい：あ…充電大事だね〜いろいろな意味でσ(^_^;) RT : イロイロナイミデ 
充電シテル！ ゆい：あ！そうだよね！ライブの前日って何してるの？(*´∇｀*)
 RT : アシタハライブダー！
ライブヒサシブリ！”",,,41,20,9
2015-02-18T12:57:02.000Z,text,"ゆい：あ！そうだよね！ライブの前日って何してるの？(*´∇｀*)
 RT : アシタハライブダー！
ライブヒサシブリ！",,,47,24,5
2015-02-18T06:26:34.000Z,text,ゆい：ささ寒！風邪ひきませんように！(>_<)みなさまお気をつけてー！,,,66,28,40
2015-02-17T12:23:13.000Z,text,ゆい：体力ついてきたかな？？σ(^_^;),,,54,22,48
2015-02-16T08:34:59.000Z,text,ゆい：サクラのラテ〜(*´∇｀*),,,65,26,40
2015-02-16T03:37:26.000Z,text,"ゆい：やってますねー！(*´∇｀*)
 RT : 本日もエコ女校内放送なうです〜ヽ(・∀・)人(・∀・)ﾉ 
",,,38,14,9
2015-02-16T02:21:15.000Z,text,ゆい：しまった！もっと歩きやすい靴にすれば良かったヽ(´o｀；,,,45,15,26
2015-02-15T13:23:33.000Z,text,ゆい：あ！分身？！,,,68,30,26
2015-02-15T13:18:53.000Z,text,ゆい：よし！来週も頑張る！(｀･ω･´)明日から来週！,,,82,37,34
2015-02-15T05:12:18.000Z,text,"ゆい：いろいろあります！(((o(*ﾟ▽ﾟ*)o)))
 RT : おはようございます！3/4発売ニューシングル「Stay With Me」の法人別オリ特をアップいたしました！画像はこちらから→ ",,,33,19,14
2015-02-15T05:01:00.000Z,image,"ゆい：出来てきたよー！(*´∇｀*)
 RT : 最新アーティスト写真と初回盤のジャケットはこちら〜！
#dogdays",,"https://pbs.twimg.com/media/B90RrsKCUAAM_e2?format=jpg&name=small,https://pbs.twimg.com/media/B90RrsjCAAAe_t5?format=jpg&name=360x360",143,140,19
2015-02-15T03:11:11.000Z,text,スタッフ：ショートなほっちゃんもかわいいにゃうー(///∇//)  RT : おはようございます！3/4発売ニューシングル「Stay With Me」の法人別オリ特をアップいたしました！画像はこちらから→ ,,,27,19,5
2015-02-14T16:12:26.000Z,text,スタッフ：「Stay With Me」情報たっぷりですにゃ！ショートほっちゃんにゃう〜(*´∀`*)！！！,,,33,13,5
2015-02-14T15:24:44.000Z,text,"スタッフ：わくわくにゃう(o*´∇｀)o RT : 今日のお知らせは不意打ちかもです〜ヽ(・∀・)人(・∀・)ﾉ 
お楽しみにです！！！",,,23,11,3
2015-02-14T15:10:59.000Z,text,ゆい：…まあ、いっか（笑）,,,83,49,33
2015-02-14T15:07:59.000Z,text,ゆい：あ！バレンタイン過ぎたー！Σ（ﾟдﾟlll）,,,99,62,34
2015-02-14T14:10:29.000Z,text,ゆい：Rice5に投票した人意外といるみたいだなぁ〜σ(^_^;)おじさん５人組、思ったよりも人気あるのかな？,,,60,35,20
2015-02-14T14:07:07.000Z,text,ゆい：はい！（笑）めっちゃしてる！ RT : 練習、練習しましょっ♪　RT　 ゆい：またまた私を見つけてね（笑） RT : さーらーにー！ダンス部も更新されましたよ〜（≧∇≦） …,,,44,18,7
2015-02-13T15:29:46.000Z,text,ゆい：そう言えばみんな誰に投票したんだろ…？σ(^_^;),,,41,23,37
2015-02-13T15:27:44.000Z,text,"ゆい：またまた私を見つけてね（笑）
 RT : さーらーにー！ダンス部も更新されましたよ〜（≧∇≦）
",,,36,17,9
2015-02-13T09:21:05.000Z,text,"スタッフ：わー！練習にゃうヽ(*´∀｀)ﾉ RT : さーらーにー！ダンス部も更新されましたよ〜（≧∇≦）
",,,27,17,4
2015-02-13T08:54:05.000Z,text,"スタッフ：生徒会日誌もチェックにゃう〜！！ RT : 青クマ学園の生徒会日誌が更新されましたよ〜！
こちらも見逃せません(｀・ω・´)
",,,18,7,1
2015-02-13T08:49:49.000Z,text,"スタッフ：まもなく〆切ですにゃ！！ RT : 青クマ学園の学園祭に呼びたいアーティストの投票〆切は本日18時となっております〜！生徒の皆様お忘れなく♪
",,,16,9,3
2015-02-12T15:18:14.000Z,text,ゆい：おにぎりもらった…(*´∇｀*),,,71,25,47
2015-02-11T16:00:58.000Z,text,ゆい：なぜかいつも夜更かしさんだわ〜σ(^_^;),,,77,27,54
2015-02-11T09:12:41.000Z,text,ゆい：カバンの中にいろんなものが散らばって…飴ちゃんどこだ〜！ヽ(´o｀；,,,82,35,37
2015-02-10T13:58:25.000Z,text,ゆい：ヤクルトの炭酸割りの私的コツは、ヤクルトと炭酸の量を同じにすることです♪コップに入れると少し少なめ（笑）,,,108,58,38
2015-02-10T13:25:42.000Z,text,"ゆい：お？ RT  【M-ON! LIVE 堀江由衣】
本日2/10(火)21時～
2013年3月に幕張メッセイベントホールで開催されたライブ「堀江由衣をめぐる冒険Ⅳ～パイレーツ・オブ・ユイ3013～」の模様をたっぷり120分放送！
",,,41,39,11
2015-02-09T15:41:04.000Z,text,ゆい：ジョワも好き(*´∇｀*),,,56,30,33
2015-02-09T12:31:31.000Z,text,"ゆい：そうそう！ちょっとしてる（笑） RT : ネタバレスルト ワタシダイカツヤクシテル“ そして明日はM-ON!さんで 「堀江由衣をめぐる冒険Ⅳ～パイレーツ・オブ・ユイ3013～」がOA!!ドキドキ
”",,,36,21,9
2015-02-09T04:07:38.000Z,text,"スタッフ：どきどきにゃ！！ RT : そして明日はM-ON!さんで 「堀江由衣をめぐる冒険Ⅳ～パイレーツ・オブ・ユイ3013～」がOA!!ドキドキ
",,,19,15,1
2015-02-09T04:06:53.000Z,text,"スタッフ：生徒のみなさん！校内放送をチェックにゃヽ(*´▽)ノ♪ RT : お昼の校内放送です～！
いよいよライブも迫ってきましたのでお聞き逃しなくです(｀・ω・´)b
",,,18,9,1
2015-02-09T02:10:56.000Z,text,ゆい：さささ寒っ！小〜っさい雪がちょこっ〜とだけ降ってました！,,,57,19,35
2015-02-07T14:37:26.000Z,text,ゆい：炭酸ぷはぁ♪(*´∇｀*)ヤクルトを割ってみました♪,,,86,38,65
2015-02-06T14:48:00.000Z,text,ゆい：こ、こんな時間に乾燥梅を食べてしまった…喉かわくかな？σ(^_^;)でもうま〜（笑）,,,72,33,29
2015-02-05T09:57:55.000Z,text,ゆい：あわあわのアメちゃん♪(*´∇｀*)うまっ♪,,,65,24,32
2015-02-05T05:05:15.000Z,text,"ゆい：うおおおー！豪華な校歌！韻踏んだみたいになりましたが…（笑）
 RT : 青クマ学園のHPで校歌が公開されていますよ〜(゜∀゜)壮大！！！！
",,,44,23,12
2015-02-04T16:19:47.000Z,text,"スタッフ：にゃう(｀･ω･´)ノ RT : スマホの方はこちらからヽ(・∀・)人(・∀・)ﾉ 
",,,27,8,3
2015-02-04T14:44:40.000Z,text,ゆい：そう言えば今日、バイトする夢を見ました（笑）懐かしかったな〜♪レジとかうつの♪(*´∇｀*),,,106,62,48
2015-02-04T02:39:27.000Z,text,ゆい：優雅な朝食とかしたい…(｡-_-｡)もっと早寝早起き！,,,79,25,31
2015-02-03T06:03:05.000Z,text,ゆい：「」わー♪やの左右でカギカッコが！(*´∇｀*)フリック入力の話（笑）,,,64,26,41
2015-02-03T05:26:13.000Z,text,"ゆい：むちゃくちゃ楽しかったです♪
 RT : スタッフ：ほっちゃんWebラジオ出演情報です！「クロスアンジュ～ヴィヴィアンとサラのradio～」が音泉にて配信中にゃ！是非checkしてくださいにゃう♪ ",,,48,32,8
2015-02-03T02:53:52.000Z,text,スタッフ：ほっちゃんWebラジオ出演情報です！「クロスアンジュ～ヴィヴィアンとサラのradio～」が音泉にて配信中にゃ！是非checkしてくださいにゃう♪ ,,,44,45,4
2015-02-02T10:50:06.000Z,text,スタッフ：「スクールカレンダー2015」の予約をスタート致しました！今回は『お風呂にも貼れるカレンダー』です♪2015年2月27日（金） [消印有効]までに、全額ご入金いただいたお客様には早期予約特典をプレゼント！詳しくはHPへ♪ ,,,32,42,2
2015-02-02T10:48:13.000Z,text,スタッフ：みなさんこんばんは！「黒ネコ同盟会報File.83」を、本日2/2に発送完了いたしました！ 黒ネコ同盟員の方は、発送日から一週間経っても会報がお手元に届かない場合は再発送いたしますのでご連絡下さい。※HPからのYUI4応募は、2/20 15:00までです♪,,,26,15,8
2015-02-02T09:10:02.000Z,text,ゆい：朝からバタバタと撮影しております〜(*´∇｀*)気持ち春っぽいよ！,,,46,19,29
2015-02-02T05:26:47.000Z,text,"ゆい：聞いて下さいね〜 (●´ω｀●)♡
 RT : 本日もエコ女校内放送更新です〜(=ﾟωﾟ)ﾉ
",,,37,16,10
2015-02-02T01:43:30.000Z,text,ゆい：はっ！Σ（ﾟдﾟlll）に、２月が来ていた…っ！あわわわ,,,72,33,40
2015-02-01T10:22:30.000Z,text,ゆい：バタバタしております〜！あわわわ( ；´Д｀)何でいつも時間がないのだろう〜っ？？,,,60,23,37
,,,,,,,
,,,,,,,
,,,,,,,
,,,,,,,
,,,,,,,
,,,,,,,
,,,,,,,
,,,,,,,
,,,,,,,
,,,,,,,
,,,,,,,
,,,,,,,
,,,,,,,
,,,,,,,
,,,,,,,
,,,,,,,
,,,,,,,
,,,,,,,
,,,,,,,
,,,,,,,
,,,,,,,
,,,,,,,
,,,,,,,
,,,,,,,
,,,,,,,
,,,,,,,
,,,,,,,
,,,,,,,
,,,,,,,
,,,,,,,
,,,,,,,
,,,,,,,
,,,,,,,
,,,,,,,
,,,,,,,
,,,,,,,
,,,,,,,
,,,,,,,
,,,,,,,
,,,,,,,
,,,,,,,
,,,,,,,
,,,,,,,
,,,,,,,
,,,,,,,
,,,,,,,
,,,,,,,
,,,,,,,
,,,,,,,
,,,,,,,
,,,,,,,
,,,,,,,
,,,,,,,
,,,,,,,
,,,,,,,
,,,,,,,
,,,,,,,
,,,,,,,
,,,,,,,
,,,,,,,
,,,,,,,
,,,,,,,
,,,,,,,
,,,,,,,
,,,,,,,
,,,,,,,
,,,,,,,
,,,,,,,
,,,,,,,
,,,,,,,
,,,,,,,
,,,,,,,
,,,,,,,
,,,,,,,
,,,,,,,
,,,,,,,
,,,,,,,
,,,,,,,
,,,,,,,
,,,,,,,
,,,,,,,
,,,,,,,
,,,,,,,
,,,,,,,
,,,,,,,
,,,,,,,
,,,,,,,
,,,,,,,
,,,,,,,
,,,,,,,
,,,,,,,
,,,,,,,
,,,,,,,
,,,,,,,
,,,,,,,
,,,,,,,
,,,,,,,
,,,,,,,
,,,,,,,
,,,,,,,
,,,,,,,
,,,,,,,
,,,,,,,
,,,,,,,
,,,,,,,
,,,,,,,
,,,,,,,
,,,,,,,
,,,,,,,
,,,,,,,
,,,,,,,
,,,,,,,
,,,,,,,
,,,,,,,
,,,,,,,
,,,,,,,
,,,,,,,
,,,,,,,
,,,,,,,
,,,,,,,
,,,,,,,
,,,,,,,
,,,,,,,
,,,,,,,
,,,,,,,
,,,,,,,
,,,,,,,
,,,,,,,
,,,,,,,
,,,,,,,
,,,,,,,
,,,,,,,
,,,,,,,
,,,,,,,
,,,,,,,
,,,,,,,
,,,,,,,
,,,,,,,
,,,,,,,
,,,,,,,
,,,,,,,
,,,,,,,
,,,,,,,
,,,,,,,
,,,,,,,
,,,,,,,
,,,,,,,
,,,,,,,
,,,,,,,
,,,,,,,
,,,,,,,
,,,,,,,
,,,,,,,
,,,,,,,
,,,,,,,
,,,,,,,
,,,,,,,
,,,,,,,
,,,,,,,
,,,,,,,
,,,,,,,
,,,,,,,
,,,,,,,
,,,,,,,
,,,,,,,
,,,,,,,
,,,,,,,
,,,,,,,
,,,,,,,
,,,,,,,
,,,,,,,
,,,,,,,
,,,,,,,
,,,,,,,
,,,,,,,
,,,,,,,
,,,,,,,
,,,,,,,
,,,,,,,
,,,,,,,
,,,,,,,
,,,,,,,
,,,,,,,
,,,,,,,
,,,,,,,
,,,,,,,
,,,,,,,
,,,,,,,
,,,,,,,
,,,,,,,
,,,,,,,
,,,,,,,
,,,,,,,
,,,,,,,
,,,,,,,
,,,,,,,
,,,,,,,
,,,,,,,
,,,,,,,
,,,,,,,
,,,,,,,
,,,,,,,
,,,,,,,
,,,,,,,
,,,,,,,
,,,,,,,
,,,,,,,
,,,,,,,
,,,,,,,
,,,,,,,
,,,,,,,
,,,,,,,
,,,,,,,
,,,,,,,
,,,,,,,
,,,,,,,
,,,,,,,
,,,,,,,
,,,,,,,
,,,,,,,
,,,,,,,
,,,,,,,
,,,,,,,
,,,,,,,
,,,,,,,
,,,,,,,
,,,,,,,
,,,,,,,
,,,,,,,
,,,,,,,
,,,,,,,
,,,,,,,
,,,,,,,
,,,,,,,
,,,,,,,
,,,,,,,
,,,,,,,
,,,,,,,
,,,,,,,
,,,,,,,
,,,,,,,
,,,,,,,
,,,,,,,
,,,,,,,
,,,,,,,
,,,,,,,
,,,,,,,
,,,,,,,
,,,,,,,
,,,,,,,
,,,,,,,
,,,,,,,
,,,,,,,
,,,,,,,
,,,,,,,
,,,,,,,
,,,,,,,
,,,,,,,
,,,,,,,
,,,,,,,
,,,,,,,
,,,,,,,
,,,,,,,
,,,,,,,
,,,,,,,
,,,,,,,
,,,,,,,
,,,,,,,
,,,,,,,
,,,,,,,
,,,,,,,
,,,,,,,
,,,,,,,
,,,,,,,
,,,,,,,
,,,,,,,
,,,,,,,
,,,,,,,
,,,,,,,
,,,,,,,
,,,,,,,
,,,,,,,
,,,,,,,
,,,,,,,
,,,,,,,
,,,,,,,
,,,,,,,
,,,,,,,
,,,,,,,
,,,,,,,
,,,,,,,
,,,,,,,
,,,,,,,
,,,,,,,
,,,,,,,
,,,,,,,
,,,,,,,
,,,,,,,
,,,,,,,
,,,,,,,
,,,,,,,
,,,,,,,
,,,,,,,
,,,,,,,
,,,,,,,
,,,,,,,
,,,,,,,
,,,,,,,
,,,,,,,
,,,,,,,
,,,,,,,
,,,,,,,
,,,,,,,
,,,,,,,
,,,,,,,
,,,,,,,
,,,,,,,
,,,,,,,
,,,,,,,
,,,,,,,
,,,,,,,
,,,,,,,
,,,,,,,
,,,,,,,
,,,,,,,
,,,,,,,
,,,,,,,
,,,,,,,
,,,,,,,
,,,,,,,
,,,,,,,
,,,,,,,
,,,,,,,
,,,,,,,
,,,,,,,
,,,,,,,
,,,,,,,
,,,,,,,
,,,,,,,
,,,,,,,
,,,,,,,
,,,,,,,
,,,,,,,
,,,,,,,
,,,,,,,
,,,,,,,
,,,,,,,
,,,,,,,
,,,,,,,
,,,,,,,
,,,,,,,
,,,,,,,
,,,,,,,
,,,,,,,
,,,,,,,
,,,,,,,
,,,,,,,
,,,,,,,
,,,,,,,
,,,,,,,
,,,,,,,
,,,,,,,
,,,,,,,
,,,,,,,
,,,,,,,
,,,,,,,
,,,,,,,
,,,,,,,
,,,,,,,
,,,,,,,
,,,,,,,
